"","enc","exp","para01d","pseu01d","pseu03d","pseu04d","para02d","para03d","para04d","pseu08d","para05d","pseu09d","cons03d","cons04d","cono","inte","bene01d","cona03d","risk03i","acce03d","trus03d","risk04i","acce04d","bene04d","trus04d","cona04d","sexo","edad","naci","regi","ciud","alim","edu1","edu2","ingr","nsep","alca","reli","frel","etni","opol","tru1","tru2","tru3","tru4","tru5","tru6","tru7","pref1r","pref2r","pref3r","pref4r","pref5r","pref6r","fuen1r","fuen2r","fuen3r","fuen4r","fuen5r","fuen6r","fuen7r","fuen8r","fuen9r","pseu02r","pseu05r","pseu06r","pseu07r","cons01r","cons02r","pref1rn","pref2rn","pref3rn","pref4rn","pref5rn","pref6rn","pref1rt","pref2rt","pref3rt","pref4rt","pref5rt","pref6rt","pref1ro","pref2ro","pref3ro","pref4ro","pref5ro","pref6ro","risk01r","cona01r","acce01r","risk02r","cona02r","trus01r","acce02r","trus02r","bene02r","bene03r"
"1",1,1,"1","2","3","1","1","1","2","1","2","1","3","2",3,4,"1","2","1","3","3","1","1","2","2","2",2,25,1,12,1,1,1,4,3,4,4,12,1,8,6,"1","1","1","1","3","2","3",2,3,4,2,4,2,0,1,0,0,0,0,1,0,0,"3","2","1","1","1","2",1,1,0,1,0,1,0,0,0,1,0,1,0,0,1,0,1,0,"1","2","2","2","3","3","2","2","2","2"
"2",1,1,"1","2","2","3","2","1","3","1","2","2","1","2",2,3,"2","1","2","3","3","3","2","2","3","1",1,35,1,12,1,1,4,5,3,3,3,1,3,9,6,"1","1","1","1","3","2","3",2,3,2,2,3,2,0,0,0,0,1,0,0,1,0,"1","1","1","1","2","1",1,1,1,1,0,1,0,0,0,1,1,1,0,0,0,0,0,0,"1","1","1","1","1","2","1","3","2","2"
"3",1,1,"2","1","3","1","2","2","2","1","2","3","2","3",3,3,"2","1","1","3","3","2","1","2","3","1",2,29,1,12,1,1,3,5,2,3,3,14,3,9,7,"1","1","2","2","2","1","2",4,2,4,2,3,4,0,0,0,1,0,0,0,1,0,"3","1","1","1","1","2",0,0,0,1,0,0,0,1,0,1,1,0,1,0,1,0,0,1,"1","1","1","1","1","1","2","3","2","3"
"4",1,1,"1","2","2","1","1","2","2","1","2","3","2","1",2,2,"2","2","2","2","2","2","2","2","2","2",2,34,1,9,2,1,5,5,5,3,3,14,1,0,7,"1","1","1","1","2","2","2",1,2,4,4,4,4,0,0,0,0,1,0,0,1,0,"1","1","1","1","2","1",0,0,0,0,0,0,1,1,0,0,0,0,0,0,1,1,1,1,"2","2","2","2","2","2","2","2","2","2"
"5",1,1,"2","3","2","3","1","2","1","1","2","1","2","2",5,4,"3","1","1","1","1","1","1","1","3","1",1,62,1,9,2,1,8,8,6,3,4,2,5,9,6,"2","2","2","2","2","2","2",1,2,3,4,2,2,0,0,1,0,1,0,0,1,1,"1","3","3","1","1","1",0,0,0,0,0,1,1,1,1,0,0,1,0,0,0,1,0,0,"1","1","1","1","1","1","2","3","1","1"
"6",1,1,"1","1","2","2","3","2","1","2","2","3","3","1",3,4,"1","1","1","1","3","2","1","1","1","1",2,74,1,9,2,1,5,6,2,4,3,12,1,0,2,"2","2","2","2","3","3","3",3,2,2,1,2,3,0,1,1,0,1,0,0,1,0,"1","1","1","2","1","1",0,0,1,0,0,0,1,1,0,0,0,1,0,0,0,0,0,0,"1","1","1","2","1","1","1","1","2","2"
"7",1,1,"1","1","1","2","1","1","1","1","2","1","1","1",2,4,"2","1","1","1","2","1","1","2","3","1",1,36,1,12,1,1,5,5,10,4,4,2,4,8,7,"3","1","2","3","3","3","2",2,2,3,2,2,3,0,0,1,0,0,0,1,1,0,"2","3","1","1","1","2",1,0,0,1,0,0,0,1,1,1,0,1,0,0,0,0,0,0,"1","1","1","1","1","1","1","3","1","2"
"8",1,1,"3","3","2","1","1","1","3","1","3","3","1","3",4,2,"1","2","2","1","2","2","3","2","3","2",2,40,1,9,2,4,6,6,5,5,2,1,4,0,7,"1","1","1","1","1","1","1",1,2,3,4,4,2,0,1,0,1,0,0,0,1,0,"2","3","3","1","1","1",0,0,0,0,0,1,1,1,1,0,0,1,0,0,0,1,1,0,"2","2","1","1","2","2","1","1","3","2"
"9",1,1,"1","1","1","3","1","1","2","3","1","2","2","2",3,4,"1","1","3","1","3","1","3","3","1","3",2,37,1,9,2,1,6,3,7,3,3,4,2,9,2,"1","1","1","1","3","2","2",4,4,4,4,4,1,1,0,1,1,1,0,0,1,0,"3","3","2","3","1","1",0,0,0,0,0,0,0,0,0,0,0,0,1,1,1,1,1,0,"1","1","1","1","2","1","1","3","1","1"
"10",1,1,"2","3","2","3","3","2","2","1","1","3","2","2",3,3,"3","2","3","3","2","1","1","2","3","1",1,34,1,9,2,4,4,5,2,2,2,2,2,1,4,"3","2","2","1","1","3","3",1,3,3,2,2,2,0,0,0,0,0,0,0,1,0,"2","1","1","1","3","2",0,1,0,1,0,1,1,0,1,1,0,1,0,0,0,0,0,0,"1","1","1","1","2","1","1","1","2","2"
"11",1,1,"1","2","2","2","2","2","2","1","2","1","2","2",2,4,"2","2","2","2","2","2","2","2","2","2",2,32,1,9,2,1,7,7,9,3,4,4,8,9,7,"1","1","1","2","2","2","2",1,2,1,3,1,2,0,0,1,1,1,0,0,1,0,"2","1","1","2","1","2",0,0,0,0,1,1,1,1,1,1,1,1,0,0,0,0,0,0,"1","1","2","1","2","1","2","3","2","2"
"12",1,1,"3","2","2","1","1","2","1","1","2","1","1","1",3,3,"3","2","2","3","3","3","1","3","3","3",1,33,1,9,2,1,7,7,9,4,4,14,1,9,2,"1","1","1","1","3","2","2",1,2,4,2,1,3,0,1,1,0,1,0,0,0,0,"1","1","1","1","1","1",0,0,0,1,1,0,1,1,0,1,1,1,0,0,1,0,0,0,"3","2","3","3","3","1","3","3","3","2"
"13",1,1,"2","1","1","1","1","2","1","1","1","2","3","3",3,3,"3","1","1","2","1","1","1","1","1","1",1,19,1,12,1,1,5,5,2,2,2,3,5,1,7,"2","2","3","3","3","3","2",1,2,2,4,1,2,0,0,0,0,1,1,0,1,0,"3","3","3","3","1","1",0,0,1,0,1,1,1,1,0,0,1,1,0,0,0,1,0,0,"1","1","1","1","1","1","1","1","1","2"
"14",1,2,"1","1","1","2","1","1","2","1","1","1","2","2",2,4,"2","2","2","2","3","1","2","2","3","2",2,35,1,13,2,1,5,5,6,3,4,3,4,9,2,"1","1","1","1","3","3","3",1,1,1,2,1,3,1,1,0,0,0,1,0,1,0,"1","2","1","1","1","1",0,0,0,1,1,0,1,1,1,1,1,1,0,0,0,0,0,0,"1","2","1","2","2","1","1","3","2","2"
"15",1,2,"3","1","3","1","2","2","2","2","2","1","3","2",3,4,"1","2","1","1","1","1","1","1","1","1",1,38,1,12,1,1,5,5,7,3,3,1,3,1,6,"2","1","2","2","3","2","2",2,3,3,1,2,2,0,0,1,1,0,0,1,0,0,"2","1","1","1","2","3",1,1,0,0,0,1,0,0,1,0,0,1,0,0,0,0,0,0,"1","1","1","1","2","1","2","3","2","1"
"16",1,2,"3","1","3","1","2","3","3","3","3","1","3","3",3,4,"1","2","1","1","2","2","1","2","1","1",2,40,1,13,2,1,7,7,7,2,3,11,3,9,2,"2","2","2","1","1","1","1",4,1,4,4,4,3,1,1,1,1,1,0,1,1,1,"1","2","3","1","2","1",0,0,0,0,0,0,0,1,0,0,0,1,1,0,1,1,1,0,"1","1","1","1","2","1","1","1","1","2"
"17",1,2,"1","1","3","3","2","2","1","1","1","2","1","2",3,2,"2","2","2","2","3","3","2","2","2","2",1,36,1,9,2,1,7,7,7,4,4,2,3,0,4,"3","2","2","2","2","2","2",1,4,3,4,2,4,0,0,0,0,0,0,0,0,1,"2","3","3","1","1","1",0,0,0,0,0,0,1,0,1,0,0,0,0,1,0,1,0,1,"3","2","2","2","2","1","2","2","1","2"
"18",1,2,"1","1","3","1","1","1","1","2","1","3","2","2",5,3,"3","2","1","3","1","1","2","3","3","2",2,49,1,13,2,4,5,5,5,4,4,11,1,9,2,"2","1","3","2","3","3","3",4,3,4,4,4,4,0,0,1,0,0,0,0,1,0,"3","1","1","1","1","1",0,1,0,0,0,0,0,0,0,0,0,0,1,0,1,1,1,1,"1","1","2","1","3","1","2","2","3","3"
"19",1,2,"1","1","1","2","1","1","1","1","1","1","2","2",2,3,"2","2","2","3","3","2","1","1","1","1",1,34,1,9,2,1,6,6,9,5,4,14,1,9,2,"1","1","2","1","3","2","1",4,4,1,3,1,4,0,0,1,0,0,1,0,1,0,"2","2","2","1","2","3",0,0,0,0,1,0,0,0,1,1,1,0,1,1,0,0,0,1,"1","2","2","1","2","2","2","3","3","3"
"20",1,2,"1","1","2","1","1","1","2","1","3","2","3","1",3,2,"3","2","3","3","3","3","2","3","3","3",2,35,1,13,2,1,6,6,7,3,4,14,1,9,2,"1","1","2","2","1","2","3",4,2,1,3,2,2,1,1,0,0,1,0,0,0,0,"2","1","1","1","1","1",0,0,0,0,0,1,0,1,1,1,0,1,1,0,0,0,0,0,"3","2","2","1","3","2","3","3","3","3"
"21",1,2,"3","1","3","1","2","3","1","1","3","1","2","2",3,3,"3","2","1","1","1","1","1","1","3","1",2,34,1,2,2,1,6,8,7,3,4,14,1,9,7,"2","1","1","1","1","1","1",4,4,1,1,4,4,0,0,0,0,0,0,0,1,0,"1","1","1","1","2","1",0,0,0,0,0,0,0,0,1,0,0,0,1,1,0,0,1,1,"1","1","1","1","3","3","1","3","1","1"
"22",1,2,"2","2","3","2","3","3","3","3","3","1","1","3",2,3,"1","2","2","2","2","2","2","2","2","2",1,29,1,9,2,1,5,5,6,3,4,5,3,0,7,"2","1","1","1","3","2","2",1,2,1,2,2,2,0,0,0,0,1,0,0,0,0,"2","1","1","3","3","2",0,0,0,1,0,1,1,1,1,1,0,1,0,0,0,0,0,0,"2","2","2","2","1","3","2","2","2","2"
"23",1,2,"1","1","1","3","1","3","3","1","1","3","1","1",3,5,"2","2","2","2","3","3","2","2","3","2",1,49,1,9,2,1,7,7,8,4,3,1,3,9,2,"1","1","2","2","3","3","3",1,3,2,2,4,3,0,0,1,0,0,0,0,0,0,"1","1","1","1","1","1",0,1,1,1,0,0,1,0,0,1,0,1,0,0,0,0,1,0,"1","1","2","2","2","1","2","3","2","2"
"24",1,3,"2","3","1","1","3","2","3","1","2","1","3","3",2,3,"3","3","2","1","1","3","2","2","1","2",1,25,1,12,1,1,4,8,9,5,4,12,3,9,2,"1","1","1","2","3","3","3",2,3,2,1,4,4,0,0,0,1,0,0,1,1,0,"2","1","1","1","2","1",1,1,1,0,0,0,0,0,0,0,0,0,0,0,0,0,1,1,"2","2","2","3","3","1","2","3","3","3"
"25",1,3,"1","3","3","2","2","3","2","2","2","2","3","2",3,3,"3","2","2","2","2","2","2","1","3","2",2,28,1,12,1,1,4,3,4,6,4,14,1,9,7,"1","1","1","1","1","2","3",2,3,4,2,2,2,1,0,0,0,0,1,0,0,0,"1","1","1","1","3","1",1,1,0,1,0,1,0,0,0,1,0,1,0,0,1,0,0,0,"2","1","2","1","1","2","1","3","2","2"
"26",1,3,"1","1","2","1","1","1","1","1","1","3","2","1",3,4,"1","1","1","1","1","3","1","1","2","1",1,20,1,12,1,1,3,4,5,3,2,14,1,0,2,"1","1","1","1","2","2","3",2,3,4,4,3,1,1,0,0,0,1,0,1,1,1,"3","1","1","1","1","1",1,1,0,0,0,0,0,0,0,0,1,0,0,0,1,1,0,0,"1","1","1","1","1","1","1","2","1","1"
"27",1,3,"1","3","3","3","2","2","2","1","2","3","1","2",4,4,"2","2","1","1","3","2","1","2","3","1",2,25,1,12,1,1,4,6,4,3,4,12,1,9,7,"1","1","1","2","2","1","3",2,3,2,3,1,2,1,0,0,1,1,0,1,1,0,"2","1","1","1","1","1",1,1,1,0,1,1,0,0,0,1,1,1,0,0,0,0,0,0,"1","1","1","1","2","1","1","3","2","2"
"28",1,3,"1","1","1","1","1","1","1","1","1","3","2","2",4,3,"3","3","3","3","3","3","2","3","3","3",2,34,1,9,2,1,8,8,8,3,3,1,1,9,2,"1","2","2","2","3","3","1",4,3,3,3,1,2,1,1,0,0,0,0,0,0,0,"1","1","1","1","1","1",0,1,0,0,1,1,0,0,1,1,1,1,1,0,0,0,0,0,"2","2","3","3","3","3","3","3","3","3"
"29",1,3,"1","1","2","3","1","2","2","1","2","3","2","2",3,4,"1","2","2","2","3","2","2","3","2","2",2,43,1,9,2,1,4,5,8,3,3,4,8,0,7,"1","1","1","1","2","2","2",1,2,3,2,4,3,0,0,1,0,0,0,0,0,0,"2","2","1","1","2","1",0,0,0,1,0,0,1,1,1,1,0,1,0,0,0,0,1,0,"1","1","1","2","2","1","2","3","2","2"
"30",1,3,"3","3","3","3","2","3","3","1","2","1","3","2",3,4,"2","1","1","1","1","1","1","1","3","1",1,41,1,12,1,1,5,5,9,4,4,1,3,0,4,"1","1","3","1","3","3","3",1,2,4,2,2,2,0,1,1,1,0,0,1,1,0,"2","1","1","1","1","2",0,0,0,1,0,1,1,1,0,1,0,1,0,0,1,0,0,0,"1","1","1","1","3","1","1","3","1","2"
"31",1,3,"1","1","1","3","1","1","1","1","1","1","3","1",2,4,"1","1","1","1","1","2","1","2","1","1",1,45,1,13,2,1,7,7,1,4,3,13,1,9,2,"1","1","1","1","3","3","3",4,4,1,4,2,3,0,0,1,1,0,0,0,1,0,"2","2","1","1","1","1",0,0,0,0,0,0,0,0,1,0,0,1,1,1,0,1,0,0,"1","1","1","1","1","1","1","3","1","1"
"32",1,3,"2","3","3","3","2","3","2","2","2","1","3","1",2,5,"3","1","1","2","1","3","2","2","2","2",1,62,1,12,1,1,5,5,9,3,4,12,1,9,3,"1","1","1","2","3","2","3",4,3,4,1,4,3,0,1,0,0,0,0,0,0,0,"1","1","2","1","1","3",0,1,0,0,0,0,0,0,0,0,0,1,1,0,1,0,1,0,"1","1","1","1","1","1","2","3","2","3"
"33",1,3,"3","3","3","3","1","3","3","1","3","3","3","3",3,3,"1","1","1","1","1","1","1","1","3","1",2,29,1,9,2,1,5,6,9,3,4,1,4,9,6,"1","1","3","1","2","2","3",2,2,2,2,2,3,0,0,0,0,0,0,0,0,1,"1","3","3","1","1","1",1,0,1,1,0,0,0,1,0,1,0,1,0,0,0,0,0,0,"1","1","1","1","1","1","1","3","1","1"
"34",1,4,"1","3","1","1","1","1","1","1","1","3","2","2",3,4,"3","1","1","1","3","1","1","3","1","1",2,30,1,13,2,2,5,5,7,3,3,13,1,9,1,"1","1","1","1","3","1","3",2,3,3,2,1,2,1,1,1,1,0,1,1,1,1,"1","1","1","1","1","1",1,1,0,1,1,1,0,0,1,1,1,1,0,0,0,0,0,0,"1","1","1","2","1","1","1","1","1","3"
"35",1,4,"3","3","3","1","2","2","3","1","3","3","2","2",3,4,"2","2","2","2","2","2","2","3","2","2",2,27,1,12,1,1,5,5,4,3,3,1,2,9,7,"2","2","1","2","2","2","3",2,3,1,2,4,2,0,1,1,1,1,0,0,1,0,"1","1","1","1","1","1",1,1,0,1,0,1,0,0,1,1,0,1,0,0,0,0,1,0,"2","2","2","1","2","1","2","2","2","2"
"36",1,4,"2","1","3","1","1","3","2","1","3","1","3","3",1,2,"2","3","2","3","2","1","1","3","3","2",1,24,1,12,1,1,3,5,10,3,3,12,1,9,8,"2","2","2","2","2","1","2",2,3,3,4,4,2,0,0,0,0,0,1,0,1,0,"2","1","1","1","3","2",1,1,0,0,0,1,0,0,1,0,0,1,0,0,0,1,1,0,"1","2","3","1","3","2","2","3","2","3"
"37",1,4,"1","2","2","1","1","2","1","1","1","1","2","2",2,4,"3","1","1","1","2","1","1","2","2","1",1,21,1,12,1,1,4,4,3,3,4,1,4,9,7,"1","1","1","1","2","2","3",4,3,4,2,4,2,0,0,0,0,1,0,0,1,0,"1","1","1","1","1","2",0,1,0,1,0,1,0,0,0,1,0,1,1,0,1,0,1,0,"1","1","1","2","1","2","1","2","1","1"
"38",1,4,"1","1","1","1","1","1","1","1","1","1","1","1",5,3,"3","3","3","3","3","3","3","3","3","3",2,34,1,13,2,1,8,5,8,4,4,2,1,9,2,"3","2","3","2","3","3","3",1,2,1,1,1,3,1,1,0,0,0,0,0,0,0,"1","1","1","1","1","1",0,0,0,0,1,0,1,1,1,0,1,1,0,0,0,0,0,0,"3","3","3","3","3","3","3","3","3","3"
"39",1,4,"1","1","1","1","1","1","1","1","1","1","3","1",2,3,"1","2","1","2","3","2","2","3","3","2",2,29,1,13,2,1,3,8,4,4,3,13,1,0,2,"1","1","2","1","3","2","3",1,2,3,4,2,3,0,0,0,1,0,1,1,1,0,"3","1","1","1","1","1",0,0,0,0,0,0,1,1,1,0,0,1,0,0,0,1,0,0,"1","1","1","3","2","3","3","3","3","2"
"40",1,4,"1","2","1","3","1","2","1","1","2","1","2","2",2,2,"2","2","2","2","3","3","1","3","1","3",2,20,1,12,1,1,3,5,2,3,4,14,1,0,7,"1","1","1","2","2","2","2",2,4,4,4,2,2,0,0,0,1,0,0,0,0,0,"3","1","2","1","3","2",1,0,0,0,0,1,0,0,0,0,0,1,0,1,1,1,0,0,"1","1","2","3","2","2","3","2","2","1"
"41",1,4,"3","1","1","3","1","1","2","1","1","3","2","2",4,3,"3","3","3","3","3","3","3","3","3","3",1,34,1,12,1,1,7,8,7,4,4,2,1,9,2,"1","1","1","1","3","1","3",1,2,3,2,3,3,0,0,0,0,0,0,0,1,0,"2","1","1","1","1","1",0,0,0,1,0,0,1,1,1,1,1,1,0,0,0,0,0,0,"2","2","2","1","2","1","3","2","3","3"
"42",1,4,"1","1","2","3","1","2","1","1","1","1","1","1",3,3,"3","3","3","3","1","3","3","3","3","2",1,63,1,12,1,1,7,7,9,5,4,1,4,9,7,"1","1","1","3","3","2","2",2,2,3,1,2,3,0,0,1,0,0,0,0,1,1,"1","1","1","1","1","1",1,0,0,0,0,0,0,1,1,0,0,1,0,0,0,0,0,0,"3","2","2","2","3","1","1","2","3","3"
"43",1,4,"3","3","3","3","1","3","2","1","2","2","2","1",3,3,"3","3","2","3","3","3","3","3","3","3",2,74,1,12,1,1,5,5,6,3,4,1,3,9,6,"3","2","2","3","3","2","3",2,2,1,2,4,2,0,0,1,0,0,0,0,0,0,"1","1","1","1","1","1",1,0,0,1,0,1,0,1,1,1,0,1,0,0,0,0,1,0,"2","2","2","1","2","2","2","3","3","2"
"44",1,4,"1","3","3","3","1","2","1","1","2","1","2","1",3,3,"3","3","2","3","2","3","3","3","2","3",2,37,1,12,1,1,5,7,9,5,4,12,1,2,5,"1","1","1","3","1","1","1",4,4,1,1,1,3,0,0,0,0,0,0,0,1,0,"1","2","1","1","1","1",0,0,0,0,1,0,0,0,1,0,1,1,1,1,0,0,0,0,"1","3","1","3","3","1","1","1","1","3"
"45",1,4,"1","1","1","1","1","1","1","1","1","1","2","1",3,3,"3","3","3","3","3","3","3","3","3","3",1,35,1,13,2,2,6,6,9,4,4,1,3,9,2,"1","2","1","1","3","3","3",1,3,3,2,2,3,0,0,1,0,1,0,1,0,0,"2","1","1","1","1","1",0,1,0,1,0,0,1,0,1,1,0,1,0,0,0,0,0,0,"2","1","3","3","3","3","3","3","3","3"
"46",1,4,"3","2","3","3","3","3","3","1","3","2","3","2",4,3,"3","1","2","2","3","2","1","3","1","1",2,30,1,2,2,1,6,6,8,4,4,4,4,9,8,"3","2","3","2","3","2","3",4,1,3,2,4,4,1,0,0,0,0,0,0,1,0,"1","2","2","1","1","1",0,0,0,1,0,0,0,1,1,1,0,0,1,0,0,0,1,1,"1","1","1","1","1","1","1","1","2","1"
"47",1,4,"2","1","1","3","1","1","2","1","3","2","1","1",2,5,"1","1","1","1","3","1","1","1","3","1",1,34,1,9,2,1,6,6,9,4,3,1,4,0,4,"3","2","2","2","3","3","3",1,3,1,2,2,3,0,0,1,0,1,0,0,0,0,"2","1","1","1","3","1",0,1,0,1,0,0,1,0,1,1,0,1,0,0,0,0,0,0,"1","1","1","1","1","1","1","3","1","1"
"48",1,4,"2","1","3","3","2","3","1","1","3","3","3","2",5,3,"1","1","1","1","3","1","1","1","3","1",1,29,1,2,2,1,6,6,9,3,4,4,4,9,7,"2","2","2","1","3","1","3",4,1,3,2,4,2,1,0,0,0,1,0,0,1,0,"1","3","1","1","3","2",0,0,0,1,0,1,0,1,1,1,0,1,1,0,0,0,1,0,"1","1","1","1","1","1","1","3","1","1"
"49",2,1,"3","3","3","3","1","2","3","2","3","1","3","1",2,4,"1","1","1","1","1","1","1","1","3","1",2,32,1,8,2,1,4,4,2,3,2,2,2,9,7,"1","1","1","1","3","2","3",4,2,1,2,1,3,1,1,0,0,1,1,0,0,0,"1","3","2","1","1","2",0,0,0,1,1,0,0,1,1,1,1,1,1,0,0,0,0,0,"1","1","1","1","1","1","1","3","1","1"
"50",2,1,"3","3","3","3","2","2","3","2","3","3","2","2",2,3,"2","2","2","2","2","2","2","2","2","2",2,20,1,9,2,4,5,5,2,2,3,2,2,9,2,"1","1","2","1","3","2","2",3,3,3,1,2,3,0,0,0,0,0,0,0,1,0,"1","2","2","1","2","1",0,1,0,0,0,0,1,0,1,0,0,1,0,0,0,0,0,0,"1","2","2","2","2","2","1","1","2","2"
"51",2,1,"1","2","1","3","3","3","3","1","2","3","3","3",4,5,"2","1","1","1","1","2","1","2","1","1",2,26,1,13,2,1,4,4,2,2,2,12,1,0,3,"1","1","1","2","3","1","1",1,2,3,1,4,3,0,0,0,1,0,1,0,1,0,"1","1","1","1","1","1",0,0,0,0,0,0,1,1,1,0,0,1,0,0,0,0,1,0,"1","1","1","1","1","1","1","1","1","1"
"53",2,1,"3","2","1","1","2","1","1","3","3","2","3","2",2,4,"2","1","1","1","2","2","1","2","2","2",1,18,1,8,2,1,3,5,3,2,2,2,3,9,3,"1","1","1","1","3","3","3",1,3,3,4,4,2,0,1,0,1,0,0,1,0,0,"1","1","1","1","1","1",0,1,0,0,0,1,1,0,1,0,0,1,0,0,0,1,1,0,"1","1","1","3","2","1","3","2","1","2"
"54",2,1,"3","3","3","3","3","3","3","1","3","3","3","3",5,5,"1","1","1","1","3","3","1","3","1","1",1,18,1,10,8,2,5,5,4,4,2,12,1,9,3,"3","1","1","1","2","1","3",1,3,3,2,2,2,0,1,0,1,0,0,0,1,1,"2","1","1","1","1","1",0,1,0,1,0,1,1,0,1,1,0,1,0,0,0,0,0,0,"1","1","2","2","2","2","1","1","1","3"
"55",2,1,"3","2","3","1","1","2","2","2","1","3","2","1",2,4,"2","2","1","1","3","1","1","1","1","1",2,37,1,12,1,1,5,5,10,3,3,13,3,9,3,"1","1","1","1","1","2","1",1,3,1,2,1,2,0,0,0,1,0,0,1,0,0,"3","1","1","1","1","1",0,1,0,1,1,1,1,0,1,1,1,1,0,0,0,0,0,0,"2","2","2","1","1","1","1","1","2","3"
"56",2,1,"2","3","3","3","3","1","3","2","1","1","3","2",2,4,"2","2","2","2","2","2","2","2","2","2",1,33,1,8,2,4,4,5,3,3,4,15,1,9,7,"2","2","1","2","2","2","3",1,3,3,4,2,3,0,0,0,1,0,0,0,0,0,"1","1","2","1","2","2",0,1,0,0,0,0,1,0,1,0,0,1,0,0,0,1,0,0,"2","2","2","2","2","2","1","2","2","2"
"58",2,2,"2","2","2","1","2","1","3","2","1","1","3","3",3,4,"2","2","3","3","3","2","3","2","1","3",2,19,1,13,2,1,3,5,5,4,4,13,1,9,4,"1","1","1","1","3","1","3",1,2,4,4,4,2,0,0,1,1,1,0,0,1,0,"1","1","2","1","3","2",0,0,0,0,0,1,1,1,0,0,0,1,0,0,1,1,1,0,"2","1","2","1","1","2","1","3","2","3"
"59",2,2,"1","2","1","3","1","1","3","1","3","3","2","1",4,5,"3","3","1","3","1","1","1","1","3","2",1,19,1,13,2,1,5,5,6,3,3,13,1,0,8,"3","1","1","3","3","1","2",1,3,3,2,1,2,1,1,0,1,0,0,0,0,0,"1","1","3","1","2","3",0,1,0,1,1,1,1,0,1,1,1,1,0,0,0,0,0,0,"1","1","3","2","3","1","3","3","1","1"
"60",2,2,"1","1","1","1","1","3","2","1","2","3","1","2",2,3,"2","3","1","3","3","3","2","3","3","2",2,26,1,6,2,1,5,5,9,3,4,3,4,0,5,"2","1","1","1","1","1","2",2,1,4,1,2,3,0,0,0,1,1,0,1,0,0,"2","2","3","1","2","1",1,0,0,0,0,0,0,1,0,0,0,1,0,0,1,0,0,0,"1","1","1","2","3","1","1","2","2","2"
"61",2,2,"1","3","1","3","1","1","1","1","1","3","2","1",3,4,"1","3","3","2","2","1","1","2","2","2",2,25,1,13,2,1,5,3,3,3,4,12,1,9,6,"2","1","2","1","3","1","3",1,1,3,2,2,2,0,0,1,1,1,0,1,0,0,"1","1","1","1","1","2",0,0,0,1,0,1,1,1,1,1,0,1,0,0,0,0,0,0,"1","1","1","1","2","1","3","3","1","1"
"62",2,2,"3","3","2","3","2","3","1","1","2","3","2","2",1,2,"2","2","2","2","2","2","2","2","2","2",1,22,1,5,2,5,3,3,3,1,2,1,1,0,3,"1","1","1","1","1","1","1",1,4,4,4,1,1,0,0,0,0,0,0,0,0,0,"2","1","1","1","3","2",0,0,0,0,1,0,1,0,0,0,1,0,0,1,1,1,0,0,"2","2","2","2","2","2","2","2","2","2"
"63",2,2,"1","1","1","3","1","1","1","2","1","3","3","3",2,3,"3","3","1","2","2","1","1","3","2","2",2,23,1,15,2,4,3,3,4,2,3,14,2,9,8,"1","1","1","1","3","2","3",1,1,4,4,2,2,0,0,0,0,0,1,0,0,0,"1","1","1","1","2","1",0,0,0,0,0,1,1,1,0,0,0,1,0,0,1,1,0,0,"1","3","3","1","3","2","2","2","1","3"
"64",2,2,"1","3","1","2","1","1","1","1","2","3","3","1",5,5,"3","3","1","3","3","3","1","3","3","3",2,21,1,8,2,1,5,5,2,2,1,11,1,9,3,"1","1","1","1","3","3","3",1,1,3,1,1,2,1,1,0,1,0,1,0,0,0,"2","1","1","1","1","1",0,0,0,0,1,1,1,1,1,0,1,1,0,0,0,0,0,0,"1","1","1","1","3","1","3","3","1","3"
"65",2,2,"3","3","3","2","3","3","3","1","1","3","2","1",3,4,"2","2","3","2","3","3","2","3","3","2",1,3,1,14,2,4,3,3,2,3,3,1,4,9,7,"1","3","1","1","3","3","3",1,3,3,4,2,2,0,0,0,0,1,0,0,0,0,"1","1","1","1","1","1",0,1,0,0,0,1,1,0,1,0,0,1,0,0,0,1,0,0,"2","1","2","1","3","2","1","2","1","2"
"66",2,3,"3","3","3","3","2","3","2","2","3","3","3","2",2,2,"2","2","2","2","2","2","2","2","2","2",2,58,1,12,1,4,4,4,4,3,3,1,7,9,7,"1","1","1","1","2","2","3",4,3,2,4,4,3,0,0,0,0,1,0,0,1,0,"1","1","1","1","1","1",0,1,1,0,0,0,0,0,0,0,0,1,1,0,0,1,1,0,"2","2","2","2","2","2","2","2","2","2"
"67",2,3,"3","1","2","2","1","1","2","1","2","1","2","2",3,4,"2","2","1","2","2","2","2","2","2","1",2,29,1,3,2,1,5,5,5,3,4,1,4,9,6,"2","2","2","1","2","2","3",2,3,2,1,2,3,0,0,1,1,1,0,1,1,0,"2","1","1","2","1","2",1,1,1,0,0,0,0,0,0,0,0,1,0,0,0,0,0,0,"1","1","2","2","1","1","2","2","2","2"
"68",2,3,"2","3","3","2","2","3","2","2","2","1","3","2",2,2,"1","1","1","1","3","1","1","1","3","1",1,22,1,13,2,1,3,5,2,3,3,12,1,1,2,"1","2","1","1","3","3","2",2,3,3,4,2,2,0,0,1,0,0,0,1,1,0,"2","3","3","1","2","2",1,1,0,0,0,1,0,0,1,0,0,1,0,0,0,1,0,0,"2","1","1","1","2","2","1","3","2","2"
"69",2,3,"1","2","3","1","1","2","2","1","3","3","2","2",4,5,"3","2","1","3","3","3","3","3","3","3",2,21,1,12,1,1,3,5,4,4,4,13,1,9,3,"2","1","2","2","3","1","3",2,3,2,3,2,2,0,0,0,0,0,1,0,0,0,"1","1","1","1","1","1",1,1,1,0,0,1,0,0,0,1,0,1,0,0,0,0,0,0,"2","3","3","2","2","2","3","3","3","3"
"71",2,3,"2","2","2","2","2","2","2","2","2","2","2","2",3,4,"2","2","2","2","2","2","2","2","2","2",1,20,1,7,2,1,3,2,2,3,3,14,1,9,7,"1","1","1","1","2","2","1",1,1,2,3,2,2,0,0,0,0,0,1,0,0,0,"2","2","2","2","2","2",0,0,1,0,0,1,1,1,0,1,0,1,0,0,0,0,0,0,"2","2","2","2","2","2","2","2","2","2"
"72",2,3,"3","3","3","3","3","3","3","3","3","3","3","3",5,5,"3","3","3","3","3","3","3","3","3","3",2,21,1,8,2,1,4,4,2,3,3,14,1,9,7,"3","3","3","3","3","3","3",4,1,1,1,1,1,0,0,0,0,0,1,0,0,0,"1","1","1","1","1","1",0,0,0,0,1,0,0,1,1,0,1,0,1,0,0,0,0,0,"1","1","1","1","1","1","1","1","1","1"
"73",2,3,"2","1","2","2","2","3","3","2","2","2","2","2",3,3,"3","1","2","1","2","2","2","2","3","2",2,23,1,13,2,1,6,7,2,1,3,4,1,1,3,"2","2","2","2","3","3","2",4,1,1,3,4,2,0,0,0,1,0,0,0,0,0,"2","2","1","2","3","3",0,0,0,0,0,1,0,1,1,1,0,1,1,0,0,0,1,0,"1","1","1","1","3","1","2","2","1","1"
"74",2,3,"1","1","1","1","1","1","1","2","1","3","2","2",3,3,"3","2","2","2","3","2","2","3","2","2",2,19,1,6,2,1,3,3,2,2,2,12,3,0,7,"1","1","1","1","3","1","2",3,1,1,1,1,2,0,1,0,1,1,1,1,0,0,"2","1","2","1","1","1",0,0,0,0,1,1,1,1,1,0,1,1,0,0,0,0,0,0,"2","2","2","2","2","2","3","2","3","3"
"75",2,3,"2","1","1","1","2","1","3","1","2","1","2","2",5,5,"3","3","3","1","3","3","3","3","2","3",1,23,1,8,2,1,5,3,2,2,2,13,1,9,4,"2","1","1","2","3","2","1",1,1,3,4,2,2,1,1,0,0,0,0,0,0,0,"3","1","1","1","2","1",0,0,0,0,0,1,1,1,1,0,0,1,0,0,0,1,0,0,"3","3","3","3","3","2","3","3","3","3"
"76",2,3,"3","2","3","1","1","3","3","2","3","3","3","3",3,4,"1","1","1","1","3","1","1","1","1","1",1,57,1,12,1,4,4,8,4,3,4,1,4,9,7,"1","1","1","2","3","2","2",4,4,3,4,4,4,1,0,1,0,1,1,1,1,1,"1","1","1","1","1","1",0,0,0,0,0,0,0,0,1,0,0,0,1,1,0,1,1,1,"1","1","1","1","1","3","3","1","3","1"
"77",2,4,"2","3","3","3","2","3","3","2","3","3","3","3",2,3,"1","1","3","3","3","3","1","1","1","1",2,70,1,14,2,2,5,5,2,2,3,2,3,9,2,"1","1","1","1","2","2","3",4,4,3,1,4,2,1,0,0,0,1,0,1,0,0,"1","1","1","1","2","1",0,0,0,0,0,1,0,0,1,0,0,1,1,1,0,0,1,0,"1","1","1","1","1","1","1","1","1","1"
"78",2,4,"2","3","3","3","1","1","1","1","1","3","2","2",2,3,"1","1","1","1","1","1","1","3","2","1",1,41,2,88,2,4,3,4,10,3,4,2,5,0,7,"2","1","1","2","3","3","3",1,3,4,3,1,2,0,0,0,0,0,0,0,1,0,"1","3","3","1","1","1",0,1,0,0,1,1,1,0,0,1,1,1,0,0,1,0,0,0,"1","1","1","1","1","1","1","2","1","1"
"79",2,4,"2","3","3","3","2","2","1","2","2","3","2","2",2,4,"2","3","1","2","3","3","1","3","3","1",1,17,1,14,2,1,3,5,2,3,3,12,1,9,6,"1","1","1","2","3","2","3",1,3,3,3,2,2,0,0,0,1,1,0,1,1,0,"3","1","1","1","1","1",0,1,0,0,0,1,1,0,1,1,0,1,0,0,0,0,0,0,"1","1","1","1","2","2","1","3","2","2"
"80",2,4,"3","3","3","1","3","3","3","1","2","1","3","1",5,4,"3","1","1","1","3","1","1","1","3","1",1,60,1,14,2,1,5,5,5,3,3,1,3,9,7,"2","2","1","1","1","1","2",1,4,3,1,4,2,0,1,0,1,1,1,0,1,0,"3","1","1","1","1","3",0,0,0,0,0,1,1,0,1,0,0,1,0,1,0,0,1,0,"1","1","1","1","1","1","1","3","1","1"
"82",2,4,"1","2","2","1","1","1","1","1","3","3","1","1",3,3,"2","2","2","2","1","1","1","3","3","2",2,23,1,14,2,1,4,3,4,3,3,1,1,9,3,"3","1","1","1","3","3","3",1,2,2,1,2,3,1,0,0,1,1,0,0,0,0,"1","1","1","1","1","2",0,0,1,0,0,0,1,1,0,0,0,1,0,0,0,0,0,0,"1","3","3","1","3","1","2","3","3","2"
"83",2,4,"3","3","3","3","1","1","2","2","3","3","3","2",2,3,"3","3","1","1","3","3","3","3","3","3",1,21,1,13,1,1,3,5,2,2,3,1,3,9,8,"1","1","1","1","3","3","2",1,3,3,3,2,2,1,0,0,0,0,0,0,0,0,"1","1","3","1","1","3",0,1,0,0,0,1,1,0,1,1,0,1,0,0,0,0,0,0,"1","1","1","1","1","1","1","3","1","1"
"84",2,4,"3","3","3","1","1","3","3","1","3","2","3","3",2,2,"1","2","1","2","1","2","1","3","1","3",1,20,1,13,2,1,4,4,2,3,3,12,1,0,7,"1","1","1","1","1","2","2",1,1,4,4,2,2,0,0,0,0,0,0,0,1,0,"2","1","1","1","1","1",0,0,0,0,0,1,1,1,0,0,0,1,0,0,1,1,0,0,"1","2","1","1","2","1","1","3","1","1"
"85",2,4,"1","1","1","3","1","1","1","1","2","1","3","1",4,4,"3","3","2","3","2","1","3","3","2","3",1,20,1,14,2,1,3,5,2,2,2,13,1,1,3,"1","1","1","2","3","1","3",1,1,4,2,2,3,1,1,0,0,0,0,0,0,0,"1","1","1","1","1","2",0,0,0,1,0,0,1,1,0,1,0,1,0,0,1,0,0,0,"3","2","3","2","3","2","3","3","3","3"
"86",2,4,"2","2","2","2","2","2","2","2","2","2","2","2",1,3,"2","1","1","1","3","1","1","1","3","1",1,21,1,13,2,1,3,5,10,2,2,1,1,0,8,"1","1","1","1","1","2","1",1,2,1,2,1,2,0,0,0,0,0,0,0,1,0,"2","2","2","2","2","2",0,0,0,1,1,1,1,1,1,1,1,1,0,0,0,0,0,0,"1","1","1","1","1","1","1","1","1","1"
"87",2,4,"2","1","2","1","2","2","2","2","2","2","3","2",3,2,"3","2","2","2","3","3","2","3","3","2",2,25,1,13,2,1,5,4,5,3,4,1,5,8,7,"1","1","1","1","2","1","3",2,3,4,4,2,3,0,1,1,1,1,1,1,0,0,"1","1","1","1","1","1",1,1,0,0,0,0,0,0,0,0,0,1,0,0,1,1,0,0,"2","1","2","2","2","1","3","3","2","2"
"88",2,4,"2","2","3","2","2","1","3","1","2","2","3","3",5,1,"2","3","2","2","2","2","2","3","2","3",2,17,1,2,2,1,4,5,5,3,4,12,1,9,8,"1","1","1","1","3","3","3",1,3,3,4,1,2,0,0,0,0,0,0,0,0,1,"1","2","3","1","1","2",0,1,0,0,1,1,1,0,1,0,1,1,0,0,0,1,0,0,"1","1","2","2","2","2","2","1","2","2"
"89",3,1,"3","2","1","1","2","3","3","1","2","3","2","2",1,3,"1","3","1","3","3","3","1","3","3","1",1,52,1,12,1,4,3,3,3,3,3,1,1,0,7,"1","1","1","1","1","1","3",2,3,4,4,4,2,0,0,0,0,0,0,0,1,0,"3","3","1","1","2","3",1,1,0,0,0,1,0,0,0,0,0,1,0,0,1,1,1,0,"1","3","1","1","1","1","1","1","3","1"
"90",3,1,"1","1","1","2","1","1","2","1","2","1","2","2",2,3,"2","2","2","2","1","1","2","2","3","2",1,22,1,12,1,1,3,3,4,3,3,13,1,0,2,"1","1","1","1","2","1","2",2,3,3,2,2,2,0,1,1,0,0,0,0,0,0,"1","1","1","1","1","1",1,1,0,1,0,1,0,0,1,1,0,1,0,0,0,0,0,0,"2","1","2","2","2","1","3","3","2","3"
"91",3,1,"3","2","3","3","1","3","1","1","3","3","2","3",3,4,"1","1","1","1","3","1","1","1","3","1",1,61,1,8,2,1,4,5,6,3,4,1,4,0,6,"2","1","2","2","3","2","3",4,2,3,4,4,2,0,0,1,0,1,0,0,0,0,"1","1","1","1","3","3",0,0,0,0,0,1,0,1,1,0,0,1,1,0,0,1,1,0,"1","1","1","1","1","1","1","1","1","1"
"92",3,1,"3","1","3","1","1","1","3","1","2","3","3","2",4,4,"3","2","1","2","2","2","2","1","3","3",1,21,1,12,1,1,5,7,9,4,4,1,3,9,8,"1","1","1","1","2","2","1",2,3,1,2,3,3,1,1,1,1,1,0,0,1,0,"3","2","2","1","1","1",1,1,0,1,0,0,0,0,1,1,1,1,0,0,0,0,0,0,"1","1","1","1","1","2","1","3","1","2"
"93",3,1,"1","1","1","1","1","1","2","1","1","2","1","2",5,4,"3","3","3","3","3","3","1","3","2","2",2,23,1,8,2,1,5,6,4,3,4,15,8,9,3,"2","1","2","1","3","2","3",1,2,4,4,4,3,1,1,1,1,1,1,1,1,1,"1","1","1","1","1","1",0,0,0,0,0,0,1,1,0,0,0,1,0,0,1,1,1,0,"3","3","1","1","2","1","2","3","3","3"
"94",3,1,"2","1","3","1","1","3","3","1","2","3","2","2",3,4,"3","3","2","2","3","2","2","2","2","2",1,23,1,5,2,1,3,5,2,2,2,2,1,9,7,"2","1","1","1","2","2","3",1,2,3,4,2,2,1,1,0,0,0,0,0,0,0,"2","2","1","1","1","2",0,0,0,0,0,1,1,1,1,0,0,1,0,0,0,1,0,0,"2","2","2","2","2","2","3","3","2","2"
"95",3,1,"1","1","1","1","1","1","1","1","1","2","3","1",3,4,"1","1","1","1","1","1","1","1","3","1",1,29,1,12,1,2,7,7,6,3,4,2,3,0,2,"2","1","2","1","2","3","3",2,3,3,2,2,2,0,0,1,0,0,0,0,0,0,"2","3","1","1","3","2",1,1,0,1,0,1,0,0,1,1,0,1,0,0,0,0,0,0,"1","1","1","1","1","1","1","3","1","1"
"96",3,1,"1","1","1","1","1","1","1","1","1","1","1","2",3,4,"2","1","1","1","3","2","1","1","2","1",1,25,1,12,1,2,3,5,4,3,3,2,1,2,8,"1","1","1","1","3","1","3",2,2,1,4,1,2,0,0,0,1,1,1,1,1,0,"2","1","1","1","3","1",1,0,0,0,1,1,0,1,1,0,1,1,0,0,0,1,0,0,"1","1","1","2","3","2","1","2","1","2"
"97",3,1,"2","3","2","3","1","1","1","2","3","1","2","2",3,4,"1","1","1","1","1","1","1","1","1","1",2,25,1,12,1,1,5,4,3,3,3,14,3,1,7,"1","1","2","2","1","2","2",4,3,4,2,2,2,1,0,0,1,0,1,0,0,0,"2","2","2","1","1","3",0,1,0,1,0,1,0,0,0,1,0,1,1,0,1,0,0,0,"1","1","1","1","1","1","1","1","1","1"
"98",3,1,"2","1","2","3","1","1","2","1","2","1","2","1",3,3,"1","2","1","1","2","1","1","2","2","1",1,23,1,12,1,1,5,6,8,4,4,14,1,0,2,"1","1","1","1","3","3","3",1,3,3,2,3,2,0,0,1,1,1,0,1,1,0,"3","1","1","1","1","3",0,1,0,1,0,1,1,0,1,1,1,1,0,0,0,0,0,0,"1","1","1","1","1","2","2","2","1","1"
"99",3,1,"3","3","3","1","2","2","3","1","1","1","2","2",4,5,"1","1","1","1","1","1","1","1","3","1",1,35,1,12,1,2,5,5,5,3,4,9,6,1,7,"1","1","1","1","2","3","2",4,4,3,4,4,4,1,1,1,0,1,1,1,1,0,"2","1","1","1","1","1",0,0,0,0,0,0,0,0,1,0,0,0,1,1,0,1,1,1,"1","1","1","1","1","1","1","3","1","1"
"100",3,1,"3","2","3","2","3","3","3","1","3","1","2","2",3,4,"2","1","1","1","2","1","1","2","2","1",1,22,1,8,2,1,5,6,10,3,4,11,1,0,7,"2","1","1","3","3","2","3",1,4,3,4,4,2,1,0,0,0,0,0,0,0,0,"2","1","1","1","1","2",0,0,0,0,0,1,1,0,1,0,0,1,0,1,0,1,1,0,"1","1","1","1","1","1","1","2","2","1"
"101",3,1,"2","1","1","3","1","1","1","2","2","3","2","2",4,3,"1","2","2","2","1","1","1","2","3","1",2,24,1,12,1,1,3,5,3,2,3,14,1,9,7,"2","1","1","1","2","1","1",4,3,1,3,3,3,0,0,1,1,1,1,1,0,0,"2","1","1","1","2","1",0,1,0,0,0,0,0,0,1,1,1,1,1,0,0,0,0,0,"1","1","1","1","2","1","2","2","1","2"
"102",3,1,"3","1","3","3","3","2","1","2","3","3","3","2",3,3,"3","2","2","3","2","2","2","3","3","3",1,37,1,12,1,2,4,4,5,2,2,1,1,9,8,"1","1","1","2","1","2","2",1,3,1,4,4,1,0,0,0,1,0,0,0,0,0,"2","1","2","1","3","2",0,1,0,0,0,0,1,0,1,0,0,0,0,0,0,1,1,0,"3","2","3","2","1","1","3","3","1","2"
"103",3,2,"1","1","1","1","1","3","1","1","1","1","3","1",5,5,"3","3","3","3","3","3","3","3","3","3",2,25,1,5,2,1,5,5,3,3,3,1,5,9,3,"2","2","3","3","3","3","3",3,2,3,2,1,2,1,1,1,0,0,0,0,0,0,"1","1","1","1","1","1",0,0,0,1,1,1,1,1,1,1,1,1,0,0,0,0,0,0,"3","3","3","2","3","3","3","3","3","3"
"104",3,2,"1","2","1","3","2","3","3","1","1","3","3","3",2,3,"2","2","2","2","2","2","2","2","3","1",1,23,1,12,1,1,3,5,1,1,2,11,1,9,7,"1","1","1","1","3","2","3",2,3,4,3,2,2,0,0,0,0,0,0,0,0,0,"2","1","1","1","1","2",1,1,0,0,0,1,0,0,0,1,0,1,0,0,1,0,0,0,"2","2","2","2","2","2","1","2","2","2"
"105",3,2,"1","1","2","2","1","3","1","1","2","3","2","2",1,3,"2","2","2","1","2","2","2","3","3","1",1,54,1,8,2,1,5,5,4,3,4,1,5,9,7,"1","1","1","2","3","1","2",1,2,3,4,4,2,0,0,0,0,1,0,0,0,0,"2","2","2","1","1","1",0,0,0,0,0,1,1,1,1,0,0,1,0,0,0,1,1,0,"2","2","2","1","2","1","1","3","2","2"
"106",3,2,"3","3","1","3","1","3","1","1","1","1","1","1",5,4,"2","1","1","1","3","1","1","1","1","1",2,57,1,5,2,1,3,3,3,2,3,1,5,9,7,"1","1","2","3","3","3","3",4,3,3,4,4,2,0,0,0,0,1,0,0,0,0,"1","1","1","1","1","1",0,1,0,0,0,1,0,0,1,0,0,1,1,0,0,1,1,0,"2","2","2","1","1","2","1","3","1","1"
"107",3,2,"1","1","1","1","1","1","2","1","2","2","2","2",1,1,"3","3","2","2","2","2","2","2","2","2",2,22,1,12,1,4,3,6,3,3,2,14,1,1,2,"2","1","1","1","2","2","3",2,2,2,3,1,3,1,1,0,1,1,1,1,1,1,"3","1","1","1","1","2",1,0,1,0,1,0,0,1,0,1,1,1,0,0,0,0,0,0,"2","3","1","2","1","3","3","2","3","2"
"108",3,2,"3","3","3","2","2","3","3","2","2","2","2","2",2,3,"2","1","1","2","3","3","1","2","2","1",1,52,1,8,2,1,5,2,3,3,3,1,5,0,4,"3","1","1","2","3","3","3",1,1,1,1,2,2,0,0,0,0,1,0,0,0,0,"2","2","1","1","1","2",0,0,0,0,0,1,1,1,1,0,0,1,0,0,0,0,0,0,"1","1","1","1","1","1","1","2","1","1"
"109",3,2,"2","1","3","3","1","3","3","2","2","3","2","1",4,4,"2","1","2","1","1","3","1","1","3","2",1,58,1,8,2,1,5,5,2,3,4,1,4,9,7,"1","1","3","3","2","2","3",3,2,2,3,2,3,0,0,0,0,0,1,0,0,0,"2","2","1","1","1","2",0,0,1,0,0,0,1,1,0,1,0,1,0,0,0,0,0,0,"1","1","1","1","2","1","1","3","1","3"
"110",3,2,"1","3","3","3","1","1","1","2","3","3","3","3",3,4,"3","1","1","3","1","1","1","1","3","1",1,53,1,12,1,4,3,4,10,3,4,5,5,0,7,"1","1","1","2","2","2","1",2,3,1,4,2,1,0,0,0,1,0,1,0,0,0,"3","3","3","1","3","1",1,1,0,0,0,0,0,0,1,0,0,0,0,0,0,1,0,0,"1","1","1","1","1","1","1","3","1","1"
"111",3,2,"1","1","2","1","1","2","2","1","2","3","2","2",3,4,"2","2","2","2","2","2","1","2","2","2",2,23,1,12,1,1,3,4,2,3,3,12,1,9,6,"1","1","1","1","3","2","3",4,1,3,4,4,2,1,1,0,0,0,1,0,1,0,"1","1","1","1","2","2",0,0,0,0,0,1,0,1,1,0,0,1,1,0,0,1,1,0,"1","1","2","2","2","2","1","2","2","2"
"112",3,2,"1","1","2","2","1","1","1","1","1","1","2","3",4,3,"3","3","3","3","3","3","3","3","3","2",2,24,1,5,2,1,5,5,3,3,4,14,1,9,7,"1","1","1","1","3","1","3",4,3,1,4,2,2,0,0,0,1,0,0,0,1,0,"2","3","1","1","1","2",0,1,0,0,0,1,0,0,1,0,0,1,1,0,0,1,0,0,"3","2","2","3","2","3","3","3","3","3"
"113",3,2,"2","1","2","3","1","1","1","1","1","2","3","3",3,4,"2","1","1","2","2","1","1","2","2","1",2,24,1,13,2,2,4,5,3,3,3,12,1,0,2,"1","1","1","1","1","2","1",3,1,1,2,2,2,0,1,0,1,0,1,1,1,1,"2","2","2","1","3","2",0,0,0,1,0,1,1,1,1,1,0,1,0,0,0,0,0,0,"1","1","1","1","2","3","1","1","1","2"
"114",3,2,"2","2","2","3","1","3","3","2","2","1","3","3",3,4,"2","3","1","2","2","1","1","1","3","1",2,23,1,8,2,1,3,4,2,3,4,11,1,9,6,"1","1","1","2","2","2","1",1,2,3,4,4,2,0,1,0,1,0,0,0,1,0,"2","1","1","1","1","2",0,0,0,0,0,1,1,1,1,0,0,1,0,0,0,1,1,0,"1","1","1","2","2","2","1","3","1","2"
"115",3,2,"2","1","2","1","2","3","2","1","2","1","3","3",3,4,"3","2","2","1","3","1","1","2","3","2",1,25,1,12,1,1,5,5,3,3,4,13,1,9,2,"1","1","1","1","3","2","3",1,2,3,2,3,2,1,1,0,0,0,0,0,1,0,"3","1","1","1","1","1",0,0,0,1,0,1,1,1,1,1,1,1,0,0,0,0,0,0,"1","1","1","3","1","1","1","2","1","3"
"116",3,2,"2","3","3","1","1","1","2","1","1","1","1","1",2,3,"2","2","2","2","2","2","2","2","2","2",1,36,1,12,1,1,3,6,1,3,3,1,1,9,7,"2","2","2","2","2","2","3",2,3,1,1,3,2,0,0,0,0,1,0,0,0,0,"2","1","2","1","1","2",1,1,0,0,0,1,0,0,1,0,1,1,0,0,0,0,0,0,"2","2","1","2","2","2","2","2","2","2"
"117",3,2,"3","3","3","3","2","3","3","2","3","3","2","3",3,3,"2","2","2","2","2","2","2","2","2","2",1,45,1,12,1,1,6,7,5,3,4,14,1,0,1,"1","1","1","1","2","1","2",2,3,1,2,1,3,0,0,0,0,0,0,0,1,0,"1","1","2","1","2","1",1,1,0,1,1,0,0,0,1,1,1,1,0,0,0,0,0,0,"2","2","2","2","2","1","2","2","2","2"
"118",3,3,"2","2","2","2","2","2","2","1","1","3","2","1",4,4,"3","3","3","3","3","3","2","3","3","3",1,22,1,9,2,2,3,3,6,3,4,13,1,9,7,"1","1","1","2","3","3","2",4,4,1,1,3,3,1,1,0,0,0,0,0,0,0,"2","1","1","1","1","1",0,0,0,0,0,0,0,0,1,0,1,1,1,1,0,0,0,0,"2","3","3","2","3","2","2","3","3","3"
"119",3,3,"1","2","1","3","1","1","1","2","2","2","2","2",5,3,"3","2","2","3","3","3","3","3","2","3",2,22,1,12,1,5,4,5,2,3,3,14,7,9,7,"1","1","1","1","2","2","3",2,3,4,4,4,2,0,0,0,1,0,1,0,0,0,"1","1","1","1","1","2",1,1,0,0,0,1,0,0,0,0,0,1,0,0,1,1,1,0,"2","2","3","2","2","2","2","2","2","3"
"120",3,3,"3","1","2","3","1","3","2","2","3","2","3","3",2,3,"1","1","2","1","1","1","1","1","1","1",1,62,1,8,2,2,3,5,2,3,2,1,5,0,8,"1","1","1","1","1","3","3",4,2,4,4,4,3,0,0,0,0,1,1,1,0,0,"1","1","1","1","1","2",0,0,0,0,0,0,0,1,0,0,0,1,1,0,1,1,1,0,"2","2","1","1","1","1","1","2","1","3"
"121",3,3,"1","3","2","3","2","1","1","2","3","1","3","2",3,2,"3","1","1","3","2","2","3","2","1","3",1,36,1,12,1,1,4,4,4,3,4,1,1,1,3,"2","1","1","1","3","2","3",2,3,3,4,2,2,0,0,0,0,1,0,0,0,0,"2","1","1","1","1","1",1,1,0,0,0,1,0,0,1,0,0,1,0,0,0,1,0,0,"1","1","1","1","1","1","1","3","3","2"
"122",3,3,"2","3","3","3","1","3","3","2","2","1","2","3",3,4,"3","1","1","1","3","1","1","1","3","1",1,36,1,12,1,1,4,5,6,3,3,14,1,8,7,"2","1","1","1","3","3","2",2,3,4,4,3,2,0,1,1,0,0,0,1,1,0,"2","1","1","1","1","2",1,1,0,0,0,1,0,0,0,0,1,1,0,0,1,1,0,0,"1","1","1","1","1","1","1","3","1","1"
"123",3,3,"1","1","1","3","1","1","1","1","1","2","2","1",4,4,"3","3","3","3","3","2","2","3","3","3",1,22,1,12,1,1,3,5,6,3,4,15,1,9,8,"3","1","2","1","3","1","3",1,1,3,2,2,2,0,1,0,1,1,0,1,1,0,"1","1","1","1","1","1",0,0,0,1,0,1,1,1,1,1,0,1,0,0,0,0,0,0,"2","1","2","2","2","2","3","3","2","2"
"124",3,3,"1","1","1","2","1","1","1","1","1","2","1","1",4,1,"3","3","3","3","3","3","3","3","3","3",2,25,1,13,2,1,5,6,8,4,4,15,2,9,6,"1","1","2","1","3","2","3",2,2,2,1,1,3,1,0,0,0,0,0,0,0,0,"1","1","1","1","1","1",1,0,1,0,1,0,0,1,0,0,1,1,0,0,0,0,0,0,"3","1","2","3","3","3","3","3","3","3"
"125",3,3,"3","3","3","2","2","2","3","2","2","3","2","2",3,4,"3","2","1","1","1","1","1","1","2","1",1,22,1,8,2,1,5,5,3,3,4,14,1,9,2,"1","1","1","1","1","1","2",2,3,4,4,4,2,0,1,1,1,1,1,1,1,0,"2","2","1","1","1","1",1,1,0,0,0,1,0,0,0,0,0,1,0,0,1,1,1,0,"1","1","1","1","2","1","1","2","1","2"
"126",3,3,"3","3","3","3","1","3","3","1","3","1","2","2",5,3,"3","2","1","2","3","2","1","3","3","2",1,55,1,12,1,1,4,5,4,3,3,4,3,9,6,"2","1","1","1","3","1","2",1,3,3,2,3,3,0,0,0,0,1,0,0,1,0,"2","2","3","1","1","1",0,1,0,1,0,0,1,0,1,1,1,1,0,0,0,0,0,0,"1","1","1","1","2","1","1","3","3","2"
"127",3,4,"1","1","3","1","2","2","2","1","3","3","3","1",4,4,"2","1","2","3","3","1","1","3","2","2",2,24,1,12,1,1,3,3,5,3,4,14,1,0,3,"1","1","1","1","2","3","3",1,3,4,4,2,2,0,1,0,1,1,0,0,0,0,"1","1","1","1","1","1",0,1,0,0,0,1,1,0,0,0,0,1,0,0,1,1,0,0,"3","1","1","1","2","2","3","3","3","3"
"128",3,4,"1","2","2","1","2","3","1","1","1","3","2","2",2,5,"3","3","3","3","3","3","3","3","3","3",2,59,1,12,1,1,3,5,5,3,2,1,4,9,6,"1","1","1","2","1","3","3",4,3,2,4,2,2,0,1,0,0,1,0,0,1,0,"1","1","1","1","1","1",0,1,1,0,0,1,0,0,0,0,0,1,1,0,0,1,0,0,"3","3","3","3","3","1","3","1","3","3"
"129",3,4,"3","3","3","1","2","3","3","3","2","3","3","3",2,4,"3","2","2","3","2","3","2","1","1","1",2,18,1,12,1,1,3,4,3,3,4,15,1,9,8,"2","1","1","1","3","2","3",2,2,3,3,1,2,0,1,0,1,0,1,0,0,0,"2","2","1","1","1","1",1,0,0,0,1,1,0,1,1,1,1,1,0,0,0,0,0,0,"1","1","1","2","1","1","1","2","2","2"
"130",3,4,"1","2","2","1","2","1","1","1","1","2","2","2",2,4,"3","1","1","1","2","1","1","1","2","1",1,21,1,12,1,1,4,4,4,2,4,1,4,9,7,"1","1","1","1","2","3","3",2,3,4,2,4,2,0,0,0,0,1,0,0,1,0,"1","1","1","1","1","2",1,1,0,1,0,1,0,0,0,1,0,1,0,0,1,0,1,0,"1","1","1","1","1","2","1","2","1","1"
"131",3,4,"1","1","2","1","1","1","1","1","1","3","1","1",4,4,"2","2","1","2","3","3","1","2","2","2",1,19,1,5,2,4,3,5,10,2,3,2,5,9,6,"2","2","3","1","2","2","2",1,3,2,4,2,1,1,1,1,0,0,0,0,1,0,"3","3","3","2","1","1",0,1,1,0,0,0,1,0,0,0,0,0,0,0,0,1,0,0,"1","3","3","1","3","3","3","1","3","3"
"132",3,4,"1","2","2","1","3","1","1","1","3","1","3","2",5,3,"3","3","3","3","3","3","3","3","3","3",1,22,1,12,1,2,5,7,5,3,4,12,1,9,6,"1","2","1","1","3","1","2",2,1,1,1,1,3,1,1,0,0,0,1,0,1,0,"1","1","1","1","2","1",1,0,0,0,1,0,0,1,1,0,1,1,0,0,0,0,0,0,"2","3","3","2","3","3","1","3","3","3"
"133",3,4,"1","2","2","1","1","1","1","1","2","2","2","2",3,4,"1","1","1","3","2","1","1","1","2","2",2,24,1,12,1,1,3,4,3,2,3,14,1,1,7,"2","1","1","2","3","2","3",4,4,3,4,1,2,0,0,0,1,0,1,0,0,0,"1","1","2","1","1","1",0,0,0,0,1,1,0,0,1,0,1,1,1,1,0,1,0,0,"1","1","1","2","2","1","3","3","2","1"
"134",3,4,"2","1","3","1","1","3","3","1","1","1","1","1",2,4,"3","1","1","1","1","1","2","3","1","1",1,55,1,8,2,1,3,6,7,4,3,2,5,9,7,"1","1","1","1","2","1","3",4,4,1,4,2,2,0,0,0,0,0,0,0,0,0,"2","3","1","3","1","3",0,0,0,0,0,1,0,0,1,0,0,1,1,1,0,1,0,0,"1","1","2","1","3","3","3","3","3","1"
"135",3,4,"2","1","1","2","1","1","1","1","1","3","2","2",2,1,"2","2","2","2","1","2","2","2","2","2",1,25,1,12,1,1,3,5,10,3,4,12,1,8,7,"1","1","1","1","1","1","2",1,2,1,2,2,2,0,0,0,0,0,0,0,1,0,"2","1","1","1","1","2",0,0,0,1,0,1,1,1,1,1,0,1,0,0,0,0,0,0,"2","1","1","1","2","1","1","2","2","2"
"136",3,4,"1","1","1","1","1","1","1","1","1","2","1","1",5,5,"3","3","3","3","3","3","3","3","3","3",2,22,1,5,2,2,5,7,2,3,4,13,1,9,6,"1","1","1","1","3","2","2",4,3,3,1,3,3,1,1,0,0,0,0,0,0,0,"1","1","1","1","1","1",0,1,0,0,0,0,0,0,1,0,1,1,1,0,0,0,0,0,"3","3","3","2","3","3","3","3","3","3"
"137",3,4,"1","1","3","1","1","1","2","2","2","1","1","1",3,3,"3","1","1","1","2","3","2","2","3","2",1,22,1,12,1,1,3,3,2,2,2,12,1,1,7,"1","1","1","2","2","2","1",2,3,1,2,3,3,0,0,0,0,0,1,0,0,0,"2","2","1","1","2","2",1,1,0,1,0,0,0,0,1,1,1,1,0,0,0,0,0,0,"2","2","1","2","2","3","2","3","2","2"
"138",3,4,"1","1","1","3","1","1","1","1","2","3","3","1",3,4,"3","3","2","3","3","3","3","3","2","3",1,22,1,13,2,1,5,5,8,4,4,14,1,9,2,"2","1","1","1","3","1","3",1,2,1,2,2,2,0,1,0,0,0,0,0,0,0,"1","1","1","1","1","1",0,0,0,1,0,1,1,1,1,1,0,1,0,0,0,0,0,0,"1","1","2","1","3","1","3","2","3","3"
"139",3,4,"1","1","1","3","3","1","1","1","1","3","3","1",2,4,"3","3","1","1","1","3","1","3","3","1",2,22,1,12,1,1,3,3,4,3,4,4,1,9,8,"2","1","2","2","3","1","1",2,3,2,4,3,2,0,0,0,1,0,0,0,0,0,"2","1","2","1","2","2",1,1,1,0,0,1,0,0,0,0,1,1,0,0,0,1,0,0,"1","1","1","1","3","2","1","3","2","3"
"140",3,4,"1","1","1","1","1","1","1","1","1","1","2","1",3,4,"1","1","1","1","1","1","1","1","3","1",2,19,1,12,1,1,5,5,1,3,4,13,1,9,6,"1","1","1","1","3","2","3",2,3,2,2,2,2,0,1,1,1,1,1,1,0,0,"1","1","1","1","1","1",1,1,1,1,0,1,0,0,0,1,0,1,0,0,0,0,0,0,"1","1","1","1","2","1","2","3","2","2"
"141",4,1,"3","2","2","3","1","3","3","1","3","3","3","1",3,5,"3","2","1","2","3","1","1","1","2","1",2,23,1,12,1,1,3,4,3,3,4,12,1,9,2,"1","1","1","1","3","3","1",1,3,4,4,3,3,0,1,1,1,0,1,1,1,0,"1","1","1","1","3","2",0,1,0,0,0,0,1,0,0,0,1,1,0,0,1,1,0,0,"1","1","1","1","1","1","2","2","1","3"
"142",4,1,"3","1","3","3","3","3","2","1","3","3","3","3",5,5,"2","3","3","3","3","3","3","3","3","3",1,33,1,12,1,1,5,7,3,3,4,12,1,1,2,"1","1","2","2","3","3","3",2,3,2,2,1,3,0,0,0,1,0,1,0,1,1,"2","1","1","1","1","1",1,1,1,1,1,0,0,0,0,1,1,1,0,0,0,0,0,0,"1","1","2","1","1","1","2","1","1","3"
"144",4,1,"1","3","2","3","2","1","3","2","3","3","1","2",3,3,"2","3","1","2","2","2","3","3","2","2",2,19,1,12,2,1,5,3,2,2,5,12,1,1,2,"1","2","1","1","3","1","2",2,1,1,1,2,2,0,0,0,0,0,0,0,1,1,"2","3","2","2","3","1",1,0,0,0,0,1,0,1,1,0,0,1,0,0,0,0,0,0,"1","1","2","2","2","2","2","3","3","2"
"145",4,1,"3","3","3","3","1","1","2","1","3","1","3","2",2,3,"1","1","1","3","3","2","1","3","3","2",1,24,1,12,1,2,5,5,1,3,4,11,1,9,2,"2","2","1","1","1","2","2",2,3,4,3,4,2,0,0,0,0,0,0,1,1,0,"3","2","2","1","2","1",1,1,0,0,0,1,0,0,0,1,0,1,0,0,1,0,1,0,"1","1","3","3","2","2","2","2","2","3"
"146",4,1,"3","3","3","2","2","3","2","1","2","1","3","2",2,2,"3","2","2","1","3","2","2","3","3","2",2,58,1,12,1,1,4,5,3,2,3,1,5,9,2,"1","1","1","1","3","2","3",4,3,4,4,4,3,0,0,0,0,1,0,0,0,0,"1","2","1","1","1","1",0,1,0,0,0,0,0,0,0,0,0,1,1,0,1,1,1,0,"2","2","3","2","1","1","2","3","1","2"
"147",4,1,"3","3","3","2","2","3","2","1","2","1","2","1",5,3,"2","1","2","1","3","1","3","1","2","3",2,55,1,12,1,1,7,7,7,3,4,1,2,8,2,"1","1","2","2","3","2","3",2,3,2,2,4,2,0,0,1,0,1,0,1,1,0,"2","2","1","1","1","1",1,1,1,1,0,1,0,0,0,1,0,1,0,0,0,0,1,0,"1","2","3","2","2","1","1","1","2","3"
"148",4,1,"2","2","1","3","3","1","2","1","1","3","2","2",2,1,"2","3","2","1","3","2","2","2","3","2",1,23,1,12,1,1,5,8,1,3,4,12,1,9,7,"2","2","2","2","2","2","1",2,3,3,2,2,2,0,0,0,0,0,0,0,1,0,"1","1","2","1","1","1",1,1,0,1,0,1,0,0,1,1,0,1,0,0,0,0,0,0,"1","2","2","1","2","2","2","3","2","2"
"149",4,1,"3","3","3","3","1","1","2","1","3","1","3","2",2,3,"1","1","1","3","3","2","1","3","3","2",1,24,1,12,1,2,5,5,1,3,4,11,1,9,2,"2","2","1","1","1","2","2",2,3,4,3,4,2,0,0,0,0,0,0,1,1,0,"3","2","2","1","2","1",1,1,0,0,0,1,0,0,0,1,0,1,0,0,1,0,1,0,"1","1","3","3","2","2","2","2","2","3"
"150",4,1,"2","3","3","1","3","1","1","1","1","3","1","3",5,1,"1","1","1","1","3","2","1","2","3","1",1,22,1,12,1,1,3,5,6,6,4,1,4,0,7,"1","1","1","1","2","3","3",2,3,1,2,2,2,1,1,1,0,1,0,0,0,0,"1","3","1","1","1","3",1,1,0,1,0,1,0,0,1,1,0,1,0,0,0,0,0,0,"1","1","1","1","1","1","1","3","1","1"
"151",4,2,"2","2","3","2","1","3","1","1","2","1","2","1",3,3,"1","2","1","1","2","3","2","3","2","1",2,33,1,12,1,1,5,5,3,2,2,12,1,0,2,"1","1","3","1","3","2","2",2,3,3,1,2,3,0,0,0,1,0,0,1,0,0,"2","1","1","1","1","2",1,1,0,0,0,0,0,0,1,0,0,1,0,0,0,0,0,0,"1","1","1","2","2","2","2","2","1","2"
"152",4,2,"3","3","2","3","1","2","2","1","2","2","3","2",5,4,"2","1","1","1","2","2","1","1","2","2",1,29,1,12,1,1,5,5,4,3,4,11,1,9,7,"2","1","1","2","3","3","2",1,1,1,2,2,2,0,1,0,0,0,1,0,1,0,"2","1","1","1","2","1",0,0,0,1,0,1,1,1,1,1,0,1,0,0,0,0,0,0,"1","1","1","2","1","1","1","1","1","1"
"153",4,2,"3","2","3","3","3","3","3","2","2","1","2","2",4,4,"2","1","1","2","2","1","2","3","3","2",2,19,1,12,1,1,3,4,4,3,3,11,1,2,8,"1","2","1","1","3","1","1",2,2,3,2,3,2,1,1,0,1,0,1,0,1,0,"1","1","1","1","3","2",1,0,0,1,0,1,0,1,1,1,1,1,0,0,0,0,0,0,"1","1","1","1","1","2","1","1","1","1"
"154",4,2,"2","1","2","2","2","1","1","1","1","3","2","1",3,5,"1","2","1","2","1","2","2","2","1","2",1,27,1,12,1,1,5,5,2,3,3,14,1,9,2,"1","1","1","1","2","1","3",2,1,1,2,2,2,0,0,0,1,1,1,1,0,0,"2","1","1","1","1","1",1,0,0,1,0,1,0,1,1,1,0,1,0,0,0,0,0,0,"1","1","1","1","2","1","2","1","1","2"
"156",4,2,"3","3","2","3","2","1","2","2","3","3","3","3",2,4,"2","2","1","2","3","2","2","3","3","1",2,18,1,12,1,1,3,2,2,2,3,12,1,9,2,"1","3","3","2","3","2","3",4,2,2,2,2,3,0,1,0,1,0,0,0,1,0,"1","1","1","1","2","1",0,0,1,1,0,0,0,1,0,1,0,1,1,0,0,0,0,0,"1","1","2","1","2","1","1","1","1","2"
"157",4,2,"1","1","3","3","1","1","1","1","2","3","3","2",2,3,"1","1","1","1","2","2","1","2","3","1",1,23,1,12,1,1,3,7,3,3,3,15,1,9,2,"1","1","2","1","3","2","3",2,2,1,4,2,2,0,0,0,0,1,1,1,0,0,"1","1","1","1","3","2",1,0,0,0,0,1,0,1,1,0,0,1,0,0,0,1,0,0,"1","2","2","1","1","1","1","3","1","2"
"158",4,2,"2","2","3","1","3","3","2","2","2","2","3","2",3,4,"2","2","2","2","2","1","1","2","2","2",1,20,1,12,1,4,1,5,2,2,3,1,1,9,8,"2","1","1","2","2","2","2",2,1,1,2,1,2,1,0,0,0,0,0,0,0,0,"2","2","1","1","2","1",1,0,0,1,1,1,0,1,1,1,1,1,0,0,0,0,0,0,"2","2","2","2","2","2","2","2","2","2"
"159",4,2,"2","1","2","2","1","2","2","2","2","2","2","2",2,3,"1","2","1","1","2","2","1","2","2","1",1,33,1,12,1,1,5,4,1,1,1,14,1,0,3,"1","1","2","2","3","3","3",2,1,3,4,3,2,0,0,0,0,0,0,1,0,0,"2","1","1","1","2","2",1,0,0,0,0,1,0,1,1,0,1,1,0,0,0,1,0,0,"1","1","1","1","2","1","1","2","2","1"
"160",4,2,"3","2","3","1","1","2","2","2","2","3","2","2",3,3,"1","2","1","1","2","3","1","1","3","1",2,29,1,12,1,1,6,6,3,3,3,14,1,1,3,"2","3","3","3","3","2","2",1,3,1,1,1,3,0,1,1,1,1,0,1,1,1,"1","1","3","2","1","2",0,1,0,0,1,0,1,0,1,0,1,1,0,0,0,0,0,0,"1","1","1","1","2","1","1","2","1","3"
"161",4,2,"1","1","2","3","1","1","2","1","1","1","2","1",3,5,"2","2","1","3","3","1","1","2","3","1",2,23,1,12,1,4,3,4,1,3,2,12,1,1,1,"1","1","1","1","3","1","3",2,4,4,1,2,2,0,1,0,1,0,1,1,0,0,"1","1","1","1","1","2",1,0,0,0,0,1,0,0,0,0,0,1,0,1,1,0,0,0,"1","1","1","1","1","2","1","2","1","3"
"162",4,2,"1","1","1","3","1","2","3","1","2","3","1","3",4,5,"1","1","1","2","2","3","1","3","3","1",1,23,1,12,1,1,4,5,1,2,2,13,1,0,7,"1","1","1","2","3","1","3",2,3,3,4,4,3,1,1,0,1,0,0,0,0,0,"1","1","1","1","1","1",1,1,0,0,0,0,0,0,1,0,0,1,0,0,0,1,1,0,"1","1","1","1","1","2","1","3","1","1"
"163",4,2,"3","3","3","2","1","2","2","1","2","1","2","2",3,3,"3","2","1","2","3","1","1","2","3","3",2,34,1,12,1,1,5,8,6,4,4,14,1,9,2,"1","1","1","1","3","2","1",4,4,3,4,1,4,0,1,0,0,0,1,0,0,0,"1","1","1","1","1","1",0,0,0,0,1,0,0,0,1,0,1,0,1,1,0,1,0,1,"1","1","1","1","2","1","3","3","1","3"
"164",4,2,"2","1","2","3","2","3","3","1","3","1","2","2",4,4,"3","3","3","1","3","3","2","3","3","3",2,25,1,12,1,1,5,5,3,2,4,14,1,9,7,"1","1","1","1","3","2","3",1,2,3,2,1,2,1,0,0,0,0,0,0,1,0,"1","1","1","1","1","3",0,0,0,1,1,1,1,1,1,1,1,1,0,0,0,0,0,0,"3","3","2","3","3","3","3","2","3","3"
"165",4,2,"1","1","3","1","1","1","1","1","1","1","3","1",2,4,"3","1","1","1","1","1","1","1","3","1",1,22,1,12,1,1,3,5,4,3,4,14,1,9,1,"1","1","1","1","2","1","3",1,3,3,4,4,2,0,0,0,1,1,0,1,0,0,"1","3","1","1","1","1",0,1,0,0,0,1,1,0,1,0,0,1,0,0,0,1,1,0,"1","1","1","1","1","1","1","3","1","1"
"166",4,2,"3","2","3","3","2","2","3","1","1","3","3","3",3,4,"2","2","1","3","2","1","1","2","2","2",1,22,1,12,1,1,3,8,9,4,4,13,1,9,2,"1","1","1","1","2","2","2",1,3,3,2,2,2,1,1,1,1,1,0,0,0,0,"2","2","1","1","1","1",0,1,0,1,0,1,1,0,1,1,0,1,0,0,0,0,0,0,"1","1","2","1","2","1","1","2","1","2"
"167",4,3,"2","1","1","1","1","1","1","1","1","1","2","2",2,3,"3","2","1","1","2","1","1","2","2","1",2,32,1,12,1,1,5,5,3,3,3,14,1,8,2,"1","2","3","1","3","2","2",2,3,1,2,2,2,0,0,0,0,1,0,0,0,0,"2","1","1","1","1","2",1,1,0,1,0,1,0,0,1,1,0,1,0,0,0,0,0,0,"1","1","1","1","2","2","1","3","2","1"
"168",4,3,"3","1","2","3","2","1","1","1","1","1","2","1",3,4,"3","2","2","2","3","2","1","3","3","1",1,24,1,12,1,1,5,5,10,3,4,14,1,9,2,"1","1","1","1","3","2","1",2,3,3,4,2,2,0,1,0,0,0,0,1,1,1,"3","1","2","1","1","1",1,1,0,0,0,1,0,0,1,0,0,1,0,0,0,1,0,0,"1","1","1","1","1","1","1","1","1","1"
"169",4,3,"2","3","3","3","2","3","3","2","3","2","3","3",3,4,"1","1","1","1","1","1","1","1","3","1",2,33,1,12,1,1,5,5,7,3,3,14,1,1,6,"3","3","2","1","2","1","2",2,3,1,1,2,2,1,1,1,1,0,0,0,0,0,"2","1","1","1","1","2",1,1,0,0,0,1,0,0,1,0,0,1,0,0,0,0,0,0,"1","1","1","1","1","2","1","2","1","3"
"170",4,3,"3","1","3","1","3","3","3","3","3","1","3","1",2,4,"3","3","2","3","3","3","3","3","3","3",2,25,1,12,1,1,5,5,2,3,2,11,1,9,7,"1","1","3","2","3","2","1",2,3,2,2,2,2,1,0,1,1,1,1,0,1,1,"1","1","1","3","1","1",1,1,1,1,0,1,0,0,0,1,0,1,0,0,0,0,0,0,"3","3","3","1","3","1","3","3","3","3"
"171",4,3,"1","1","2","1","1","1","3","2","1","1","3","2",2,2,"3","1","1","2","3","1","1","3","3","2",2,35,1,12,1,1,5,5,5,3,4,14,1,1,2,"1","1","3","2","3","3","2",2,3,2,1,1,1,0,0,0,1,1,1,0,1,0,"1","1","3","1","1","1",1,1,1,0,1,0,0,0,0,0,1,0,0,0,0,0,0,0,"1","1","1","2","2","2","3","3","2","2"
"172",4,3,"1","1","2","2","1","2","2","1","1","2","3","2",3,3,"3","2","2","2","3","2","2","3","2","2",2,24,1,12,1,1,5,5,6,3,4,14,1,9,7,"1","2","1","1","3","1","3",1,3,4,1,3,2,0,0,0,1,0,1,0,0,0,"1","1","1","1","1","1",0,1,0,0,0,1,1,0,0,0,1,1,0,0,1,0,0,0,"1","2","3","2","2","1","2","3","2","3"
"173",4,3,"2","3","2","3","3","2","3","1","2","2","3","2",2,2,"3","3","2","1","1","1","2","2","3","2",1,33,1,12,1,1,5,5,8,3,3,1,1,9,7,"1","1","1","1","1","1","2",2,2,1,2,1,3,0,0,0,0,0,0,0,1,0,"2","1","1","1","1","2",1,0,0,1,1,0,0,1,1,1,1,1,0,0,0,0,0,0,"2","3","3","1","3","1","1","1","1","2"
"174",4,3,"1","1","1","1","1","1","1","1","2","1","2","1",3,4,"3","3","2","3","3","3","3","3","3","3",1,24,1,13,2,3,3,5,3,2,2,13,8,9,8,"1","2","1","1","3","3","2",4,2,1,1,3,2,1,1,1,0,0,1,0,0,0,"2","2","1","1","1","1",0,0,0,0,0,1,0,1,1,0,1,1,1,0,0,0,0,0,"1","3","3","1","3","2","3","3","3","3"
"176",4,3,"2","2","1","3","3","3","3","3","3","1","1","2",4,3,"2","2","1","1","3","1","1","2","3","1",2,22,1,12,1,1,3,6,6,4,4,14,1,1,7,"1","1","2","1","1","3","3",1,3,4,4,4,2,0,0,0,0,0,0,0,1,0,"3","3","3","3","3","3",0,1,0,0,0,1,1,0,0,0,0,1,0,0,1,1,1,0,"1","3","1","1","3","3","2","1","2","2"
"177",4,4,"1","1","1","1","1","1","1","1","1","1","2","1",3,4,"3","3","3","3","3","3","3","3","3","3",1,27,1,12,1,1,5,5,5,3,4,12,1,9,2,"2","2","3","1","3","2","3",2,2,2,2,3,1,0,1,1,0,0,1,1,1,0,"1","1","1","1","1","1",1,0,1,1,0,0,0,1,0,1,1,0,0,0,0,0,0,0,"3","3","3","3","3","3","3","3","3","3"
"178",4,4,"2","1","2","1","2","1","2","1","2","2","3","2",5,3,"3","3","3","3","3","3","3","3","3","3",2,29,1,12,1,1,7,7,5,3,4,12,1,9,6,"2","2","2","2","3","2","1",4,3,3,4,3,2,1,1,0,0,0,0,0,0,0,"1","1","1","1","1","1",0,1,0,0,0,1,0,0,1,0,1,1,1,0,0,1,0,0,"3","2","2","3","3","3","2","3","3","3"
"179",4,4,"1","2","1","1","1","1","2","1","2","3","3","3",3,3,"3","2","1","2","2","1","1","2","3","2",2,21,1,12,1,1,5,5,10,2,3,14,1,9,7,"1","1","1","1","2","2","2",4,3,4,1,4,2,0,0,0,1,1,0,0,1,1,"1","1","1","1","2","3",0,1,0,0,0,1,0,0,0,0,0,1,1,0,1,0,1,0,"1","1","1","1","2","2","2","3","2","2"
"180",4,4,"3","3","2","2","1","2","2","1","2","3","2","2",2,4,"1","1","1","1","3","1","1","1","3","1",2,51,1,12,1,1,4,5,4,2,3,1,3,1,1,"1","1","1","1","2","2","3",2,3,2,1,2,2,0,0,1,0,1,0,1,0,0,"2","1","2","1","1","2",1,1,1,0,0,1,0,0,0,0,0,1,0,0,0,0,0,0,"1","1","1","1","1","1","1","3","2","1"
"181",4,4,"3","3","3","1","1","3","1","1","3","1","1","1",2,3,"1","2","1","2","3","2","1","3","3","2",1,52,1,12,1,1,5,6,4,3,3,1,4,0,6,"3","1","1","1","3","2","2",2,2,1,4,4,3,0,0,0,0,1,0,0,0,0,"2","1","1","1","1","1",1,0,0,0,0,0,0,1,1,0,0,1,0,0,0,1,1,0,"1","1","1","1","2","1","1","2","1","1"
"182",4,4,"3","2","3","3","1","3","3","2","3","1","3","2",3,4,"3","1","1","1","3","1","1","2","3","1",1,54,1,12,1,1,4,5,3,2,3,1,4,1,2,"1","2","1","1","2","2","2",4,3,4,4,4,3,0,0,0,1,1,0,0,1,0,"2","1","1","1","1","1",0,1,0,0,0,0,0,0,0,0,0,1,1,0,1,1,1,0,"1","1","1","1","1","1","1","3","1","2"
"183",4,4,"2","2","2","2","2","1","2","1","1","3","3","2",3,5,"1","3","1","1","1","1","1","1","3","1",1,30,1,12,1,1,5,6,3,3,4,12,1,9,2,"1","1","1","1","2","2","1",2,3,4,4,4,3,0,0,1,1,1,0,0,1,0,"1","3","3","1","3","1",1,1,0,0,0,0,0,0,0,0,0,1,0,0,1,1,1,0,"1","1","1","1","2","1","1","3","1","1"
"184",4,4,"1","3","3","3","3","2","3","1","3","3","3","3",5,3,"2","1","1","1","2","2","1","2","2","3",1,36,1,12,1,1,5,6,4,2,2,14,1,0,6,"1","1","1","1","1","1","1",2,2,3,2,4,1,1,0,0,0,0,0,0,1,0,"2","1","1","1","1","2",1,0,0,1,0,0,0,1,1,1,0,0,0,0,0,0,1,0,"1","1","1","1","1","1","1","2","1","3"
"185",4,4,"1","1","1","3","1","1","1","1","1","1","2","2",4,1,"2","2","2","3","3","2","2","2","2","2",1,20,1,12,1,1,3,4,9,3,4,14,1,0,7,"1","2","1","2","3","2","2",2,3,4,4,2,2,0,0,0,0,0,0,0,0,0,"2","2","1","1","2","1",1,1,0,0,0,1,0,0,0,0,0,1,0,0,1,1,0,0,"2","2","2","2","2","2","1","2","2","2"
"186",4,4,"3","3","2","2","2","3","3","2","2","3","3","3",2,4,"2","2","2","1","3","3","2","2","2","1",2,58,1,12,1,2,3,5,2,2,2,1,4,1,2,"1","1","1","1","2","3","3",4,4,4,2,2,2,0,1,0,0,1,1,0,1,0,"1","2","2","1","1","2",0,0,0,1,0,1,0,0,0,1,0,1,1,1,1,0,0,0,"1","1","2","1","2","1","2","2","2","2"
"187",4,4,"3","3","2","2","2","3","3","2","2","3","3","3",2,4,"2","2","2","1","3","3","2","2","2","1",2,58,1,12,1,2,3,5,2,2,2,1,4,1,2,"1","1","1","1","2","3","3",4,4,4,2,2,2,0,1,0,0,1,1,0,1,0,"1","2","2","1","1","2",0,0,0,1,0,1,0,0,0,1,0,1,1,1,1,0,0,0,"1","1","2","1","2","1","2","2","2","2"
"188",4,4,"2","2","3","2","2","1","3","1","2","3","2","2",3,3,"3","3","2","1","2","3","2","2","2","2",1,22,1,12,1,1,3,4,5,3,3,15,8,9,7,"1","1","1","1","2","2","2",2,3,3,2,4,2,0,1,0,1,0,0,0,0,0,"2","1","1","1","1","1",1,1,0,1,0,1,0,0,1,1,0,1,0,0,0,0,1,0,"1","3","2","1","3","1","2","2","2","1"
"189",5,1,"1","2","1","3","3","2","1","2","3","1","3","3",4,4,"1","1","1","1","2","2","1","1","1","1",2,21,1,13,2,4,1,7,1,2,3,2,3,9,6,"3","3","1","3","1","1","1",4,1,2,4,1,3,0,0,0,0,1,0,0,0,0,"1","1","1","1","3","1",0,0,1,0,1,0,0,1,0,0,1,1,1,0,0,1,0,0,"1","1","1","1","2","1","1","1","3","1"
"190",5,1,"2","3","3","3","2","3","3","1","2","2","2","3",3,4,"1","3","1","1","1","1","1","1","1","1",1,26,1,12,1,1,5,5,3,3,4,1,1,9,2,"1","1","1","1","2","2","2",2,3,3,2,2,2,0,0,0,0,1,0,1,0,0,"1","1","1","1","1","1",1,1,0,1,0,1,0,0,1,1,0,1,0,0,0,0,0,0,"1","1","1","1","2","1","1","3","1","1"
"191",5,1,"3","3","3","1","3","3","3","1","3","1","3","2",3,4,"1","1","1","1","3","1","1","1","3","1",1,23,1,12,1,1,3,4,5,2,3,1,3,0,6,"1","1","1","1","1","1","3",2,3,4,2,2,2,0,0,1,0,1,0,1,1,0,"2","2","1","1","3","2",1,1,0,1,0,1,0,0,0,1,0,1,0,0,1,0,0,0,"1","1","1","1","1","1","1","1","1","1"
"192",5,1,"2","3","3","2","1","2","1","2","2","2","2","2",2,3,"2","2","2","2","1","1","1","2","3","1",1,19,1,12,1,4,3,4,2,2,3,12,1,1,6,"1","2","1","1","1","2","3",2,3,4,4,2,2,0,1,0,1,1,0,0,0,0,"2","3","3","1","2","1",1,1,0,0,0,1,0,0,0,0,0,1,0,0,1,1,0,0,"1","2","2","1","2","2","1","2","1","2"
"193",5,1,"2","3","1","2","2","1","1","2","2","1","2","2",1,3,"2","2","2","2","2","2","2","2","2","2",1,34,1,10,2,4,4,5,4,2,4,2,5,9,4,"2","2","2","2","2","2","2",2,2,3,1,2,3,0,0,0,0,0,0,0,0,0,"2","2","3","1","1","2",1,0,0,0,0,0,0,1,1,0,0,1,0,0,0,0,0,0,"2","2","2","2","2","2","2","2","2","2"
"194",5,1,"3","3","3","2","1","1","1","2","1","2","2","1",3,2,"3","3","1","3","3","2","1","2","3","3",1,23,1,12,1,1,5,5,9,4,4,14,1,9,7,"1","1","1","2","3","2","3",2,3,4,2,4,2,0,0,0,0,1,1,1,0,0,"2","1","1","1","1","2",1,1,0,1,0,1,0,0,0,1,0,1,0,0,1,0,1,0,"1","3","2","2","3","2","3","3","2","3"
"195",5,1,"1","1","2","3","2","3","2","1","2","1","2","2",4,2,"2","2","2","3","2","2","1","3","3","2",1,23,1,12,1,1,5,7,6,3,3,11,2,0,3,"2","1","2","2","3","1","3",1,3,1,2,2,3,1,1,0,0,0,0,0,0,0,"1","1","1","1","1","1",0,1,0,1,0,0,1,0,1,1,0,1,0,0,0,0,0,0,"2","2","2","2","2","2","3","3","2","2"
"196",5,1,"2","1","2","1","1","1","2","3","3","2","2","2",2,1,"2","2","2","3","2","3","2","3","3","3",1,40,1,10,2,1,1,5,2,3,4,2,8,9,7,"1","1","1","1","1","1","1",1,3,3,3,2,3,0,0,0,0,0,0,0,0,0,"3","1","2","1","1","3",0,1,0,0,0,0,1,0,1,1,0,1,0,0,0,0,0,0,"2","2","2","1","2","1","1","1","1","2"
"197",5,1,"3","3","3","3","3","3","3","1","2","1","2","1",2,2,"2","1","1","1","3","1","1","1","1","1",2,52,1,12,1,1,4,4,8,3,4,13,5,9,7,"3","1","1","2","2","2","2",2,4,3,4,4,2,0,1,0,0,0,0,0,0,0,"3","1","3","1","1","1",1,0,0,0,0,1,0,0,1,0,0,1,0,1,0,1,1,0,"1","1","2","1","1","1","1","3","2","1"
"198",5,1,"1","1","1","1","1","1","1","1","2","1","2","2",4,4,"3","3","3","3","3","3","2","3","3","3",2,21,1,8,2,1,3,5,2,2,3,13,1,9,2,"1","1","2","1","3","2","1",1,2,1,1,1,3,1,1,1,0,1,0,0,1,0,"1","1","1","1","1","2",0,0,0,0,1,0,1,1,1,0,1,1,0,0,0,0,0,0,"3","1","1","1","3","1","3","3","3","3"
"199",5,1,"3","2","3","3","3","3","3","3","3","2","3","3",3,5,"3","3","1","1","2","3","1","2","3","1",1,49,1,8,2,4,4,4,10,4,3,1,1,9,8,"2","2","1","2","2","3","2",4,3,3,1,4,4,0,0,0,0,0,0,0,0,0,"1","1","1","1","2","1",0,1,0,0,0,0,0,0,1,0,0,0,1,0,0,0,1,1,"1","1","1","1","1","1","1","1","1","1"
"200",5,1,"2","2","3","3","1","1","2","1","2","2","2","2",3,3,"2","2","2","2","2","2","2","2","1","1",2,52,1,13,2,1,7,7,9,5,4,1,1,9,3,"2","2","3","3","3","2","3",1,2,2,2,3,3,0,0,1,0,1,0,0,0,0,"1","1","1","1","1","1",0,0,1,1,0,0,1,1,0,1,1,1,0,0,0,0,0,0,"2","2","2","1","1","1","2","2","2","2"
"201",5,1,"2","2","2","2","2","2","2","1","1","1","2","2",4,1,"2","1","1","2","2","2","2","2","2","3",1,48,1,12,1,1,4,4,8,3,4,1,3,9,7,"1","1","1","1","1","2","2",2,3,3,4,4,2,0,0,0,0,0,0,0,0,1,"2","2","2","1","2","2",1,1,0,0,0,1,0,0,1,0,0,1,0,0,0,1,1,0,"2","2","2","2","2","2","2","2","2","2"
"202",5,1,"3","1","3","3","2","3","1","1","2","3","1","1",2,3,"1","3","1","1","1","1","1","3","3","1",1,29,1,12,1,4,5,6,3,3,4,14,3,0,7,"1","1","2","1","2","2","2",1,3,3,1,3,3,0,0,0,0,0,0,1,1,0,"2","1","1","1","3","3",0,1,0,0,0,0,1,0,1,0,1,1,0,0,0,0,0,0,"1","1","1","1","3","2","1","3","1","1"
"203",5,1,"3","2","3","1","2","1","1","1","3","1","2","1",3,4,"1","1","3","3","1","1","1","3","3","1",1,27,1,12,1,1,3,5,4,4,4,4,5,0,7,"1","1","1","1","3","2","3",2,4,3,4,4,3,1,1,0,0,0,0,0,0,0,"2","3","3","1","2","1",1,0,0,0,0,0,0,0,1,0,0,1,0,1,0,1,1,0,"1","1","1","1","1","3","1","1","3","1"
"204",5,1,"3","3","2","1","2","2","3","1","2","3","3","2",3,3,"2","3","3","3","3","3","3","3","1","3",2,26,1,12,1,1,3,8,1,1,2,14,1,9,2,"1","1","1","1","2","2","2",4,2,1,2,2,3,0,0,0,1,0,0,0,0,0,"1","2","1","1","2","2",0,0,0,1,0,0,0,1,1,1,0,1,1,0,0,0,0,0,"2","1","3","1","2","2","3","3","3","3"
"205",5,2,"3","2","3","3","2","1","3","1","3","3","2","2",2,3,"2","1","1","1","2","2","1","1","1","1",2,22,1,12,1,1,3,5,6,3,4,1,3,2,7,"2","2","2","2","2","2","2",2,3,4,2,2,2,0,0,0,0,1,0,0,0,0,"2","1","2","2","1","2",1,1,0,1,0,1,0,0,0,1,0,1,0,0,1,0,0,0,"2","2","1","1","1","1","1","3","2","2"
"206",5,2,"2","3","2","3","1","2","2","1","3","3","3","2",1,1,"2","2","2","3","2","3","3","3","1","1",2,23,1,12,1,1,3,2,3,3,3,12,1,9,7,"1","2","2","1","3","1","2",4,3,4,4,2,2,0,0,0,0,0,0,0,0,0,"2","1","1","1","3","2",0,1,0,0,0,1,0,0,0,0,0,1,1,0,1,1,0,0,"2","1","2","2","1","1","2","2","3","1"
"207",5,2,"2","3","3","3","1","1","2","2","1","1","2","2",3,3,"2","2","1","2","3","2","1","2","3","1",1,22,1,12,1,1,5,4,2,3,4,14,1,9,7,"1","1","2","2","2","2","3",1,1,1,3,1,2,1,0,0,0,0,0,0,0,0,"2","2","2","1","2","1",0,0,0,0,1,1,1,1,1,1,1,1,0,0,0,0,0,0,"1","2","1","1","2","2","1","1","1","1"
"208",5,2,"2","2","2","3","2","3","1","2","3","2","2","2",3,3,"2","1","1","1","2","2","1","1","2","1",1,22,1,12,1,1,4,4,2,3,2,14,1,0,7,"2","1","1","1","3","1","2",2,3,4,4,4,3,0,1,0,1,1,0,1,0,0,"1","3","3","1","1","2",1,1,0,0,0,0,0,0,0,0,0,1,0,0,1,1,1,0,"2","1","2","1","1","2","1","1","1","1"
"209",5,2,"2","2","2","1","1","1","2","1","1","3","3","2",2,4,"3","3","1","1","3","1","1","3","1","1",1,22,1,12,1,1,3,5,2,3,3,12,1,0,7,"1","1","1","1","3","1","3",1,3,1,2,1,2,1,0,0,0,0,1,1,0,0,"3","1","1","1","3","1",0,1,0,1,1,1,1,0,1,1,1,1,0,0,0,0,0,0,"1","1","1","1","3","1","1","3","3","1"
"210",5,2,"2","3","3","1","3","3","3","3","3","1","2","1",3,3,"1","2","1","2","1","1","1","2","3","2",1,24,1,12,1,1,5,5,10,6,4,12,1,9,4,"2","2","1","1","1","2","3",2,3,3,2,2,3,0,1,0,0,0,0,0,0,0,"3","3","3","3","1","3",1,1,0,1,0,0,0,0,1,1,0,1,0,0,0,0,0,0,"1","1","2","1","2","1","1","1","1","1"
"211",5,2,"3","2","3","3","3","2","3","1","2","3","3","3",2,3,"3","2","1","1","2","2","1","3","3","2",1,25,1,12,1,1,3,5,4,3,4,1,5,9,2,"1","1","2","1","3","2","3",2,3,2,1,1,1,0,1,0,0,0,0,0,0,0,"2","3","3","1","3","1",1,1,1,0,1,0,0,0,0,0,1,0,0,0,0,0,0,0,"1","1","1","1","1","2","1","2","2","3"
"212",5,2,"2","2","3","2","1","1","3","1","1","1","2","2",3,4,"3","3","2","2","3","2","1","3","2","1",1,50,1,13,2,1,6,7,9,5,4,1,3,9,3,"2","1","3","1","3","3","2",4,3,2,1,3,3,0,0,1,1,0,0,1,0,0,"1","1","1","1","1","1",0,1,1,0,0,0,0,0,0,0,1,1,1,0,0,0,0,0,"2","1","1","2","1","1","1","2","2","2"
"213",5,2,"3","3","3","1","3","1","3","1","3","3","3","3",2,3,"3","1","1","1","3","1","1","3","3","1",1,21,1,12,1,1,3,3,10,3,4,12,1,8,7,"1","1","1","1","3","2","3",2,4,3,4,4,2,0,0,0,0,0,0,0,1,0,"2","1","1","1","3","2",1,0,0,0,0,1,0,0,1,0,0,1,0,1,0,1,1,0,"1","1","1","1","1","1","1","2","1","1"
"214",5,2,"2","2","2","3","1","2","3","3","3","1","3","3",3,3,"1","1","1","3","2","3","1","1","2","1",2,48,1,5,2,1,5,5,3,3,3,1,4,0,7,"2","2","2","2","3","2","3",2,3,1,2,1,3,0,0,0,0,0,0,0,1,0,"1","1","1","1","3","1",1,1,0,1,1,0,0,0,1,1,1,1,0,0,0,0,0,0,"1","3","1","3","1","2","1","1","1","2"
"215",5,2,"3","3","3","3","3","2","3","2","3","3","2","2",2,2,"2","2","2","2","2","2","2","2","2","2",1,37,1,12,1,1,4,4,3,2,2,1,3,1,2,"2","1","1","1","2","2","3",2,3,3,2,2,3,0,0,0,0,0,0,0,1,0,"2","2","2","1","1","2",1,1,0,1,0,0,0,0,1,1,0,1,0,0,0,0,0,0,"2","2","2","2","2","2","2","2","2","2"
"216",5,2,"3","3","3","3","1","3","2","1","1","3","3","3",4,5,"3","2","1","2","3","2","1","3","3","2",1,32,1,5,2,1,5,5,5,3,3,1,2,9,3,"1","1","1","1","2","3","2",2,2,1,2,2,2,0,1,1,1,0,1,0,0,0,"1","1","2","1","3","1",1,0,0,1,0,1,0,1,1,1,0,1,0,0,0,0,0,0,"1","1","1","1","1","1","1","3","1","2"
"217",5,2,"1","1","1","1","1","2","1","1","2","2","2","2",3,2,"2","3","2","3","3","3","2","2","1","3",2,30,1,12,1,1,5,3,2,3,4,12,1,9,3,"2","2","2","1","1","1","1",4,3,4,4,1,2,0,0,0,1,0,0,0,0,0,"3","2","2","1","1","1",0,1,0,0,1,1,0,0,0,0,1,1,1,0,1,1,0,0,"2","3","3","2","3","1","3","1","3","3"
"218",5,2,"3","3","3","3","3","2","3","2","3","3","3","3",1,3,"2","1","2","1","1","1","2","1","1","1",1,22,1,12,1,1,5,3,2,3,4,14,1,1,7,"1","1","1","1","3","2","3",1,3,3,4,4,2,0,0,0,0,0,0,0,0,0,"1","1","1","1","1","1",0,1,0,0,0,1,1,0,1,0,0,1,0,0,0,1,1,0,"2","2","3","1","1","1","1","1","1","2"
"219",5,3,"3","2","3","3","2","2","3","1","3","2","3","3",3,4,"3","2","2","1","3","2","2","1","3","2",1,23,1,5,2,1,5,5,2,1,4,14,1,9,7,"2","1","1","2","3","2","3",4,3,2,4,4,2,1,0,0,0,1,0,0,0,0,"1","1","1","1","1","1",0,1,1,0,0,1,0,0,0,0,0,1,1,0,0,1,1,0,"1","1","2","3","2","1","1","3","2","2"
"220",5,3,"3","3","3","2","2","2","3","1","2","2","3","1",2,3,"2","2","1","2","2","1","2","3","3","2",1,26,1,12,1,1,3,3,3,3,3,11,2,0,7,"2","1","2","3","3","3","3",2,3,1,4,2,2,0,0,0,0,1,0,0,0,0,"2","3","1","1","3","2",1,1,0,0,0,1,0,0,1,0,0,1,0,0,0,1,0,0,"2","2","2","1","1","2","3","2","1","3"
"221",5,3,"2","1","3","3","1","2","1","1","2","2","3","3",5,4,"2","1","2","2","3","1","1","2","3","2",1,24,1,12,1,1,5,6,3,3,3,12,2,9,6,"1","1","1","1","2","2","3",2,2,3,4,2,2,0,0,0,1,1,0,1,1,0,"2","1","2","1","3","1",1,0,0,0,0,1,0,1,1,0,0,1,0,0,0,1,0,0,"1","1","2","1","1","1","2","3","1","3"
"222",5,3,"2","3","3","3","3","3","3","2","3","1","3","3",2,3,"1","3","1","2","2","1","1","3","2","1",1,22,1,13,2,5,4,3,4,2,3,1,1,0,8,"1","1","1","1","1","1","2",2,4,3,4,2,2,0,0,0,1,0,0,1,1,0,"2","2","3","1","3","1",1,0,0,0,0,1,0,0,1,0,0,1,0,1,0,1,0,0,"1","1","1","1","3","1","1","2","2","2"
"223",5,3,"2","1","1","1","1","1","1","1","1","1","3","1",2,3,"1","3","1","1","1","1","1","3","3","1",2,34,1,12,1,1,7,7,4,3,4,12,1,0,7,"1","1","1","1","2","2","3",2,2,2,4,2,1,0,0,0,0,0,0,1,0,0,"1","1","1","1","3","1",1,0,1,0,0,0,0,1,0,0,0,0,0,0,0,1,0,0,"1","1","1","1","1","1","1","3","2","1"
"224",5,3,"3","3","3","3","1","3","2","2","3","1","3","2",2,4,"1","1","1","1","3","1","1","2","3","1",2,44,1,12,1,1,4,5,9,3,3,11,8,1,2,"1","1","1","1","3","2","2",1,3,3,1,2,3,0,0,0,0,1,1,0,1,0,"2","1","3","1","1","2",0,1,0,0,0,0,1,0,1,0,0,1,0,0,0,0,0,0,"1","1","1","1","3","2","1","3","1","1"
"225",5,3,"3","2","3","3","3","2","3","1","2","3","2","2",2,5,"1","1","1","3","3","1","1","1","3","2",1,26,1,6,2,1,5,5,6,3,4,1,4,9,3,"1","1","1","1","2","2","2",2,3,3,2,2,3,0,0,0,0,1,0,1,1,1,"2","2","1","1","3","1",1,1,0,1,0,0,0,0,1,1,0,1,0,0,0,0,0,0,"1","1","1","1","2","1","1","2","1","1"
"226",5,3,"3","2","2","2","2","2","2","2","1","3","3","3",3,3,"2","2","2","1","1","2","2","2","2","2",1,44,1,5,2,1,3,5,3,3,2,1,3,9,2,"1","1","1","2","3","3","2",1,2,2,2,3,3,0,1,0,1,0,0,1,1,0,"3","1","1","1","2","2",0,0,1,1,0,0,1,1,0,1,1,1,0,0,0,0,0,0,"2","1","1","1","1","1","1","1","1","2"
"227",5,3,"3","3","1","1","3","3","3","2","3","3","2","3",1,1,"2","2","2","2","2","2","2","2","2","2",2,17,1,5,8,1,1,9,4,3,5,12,1,8,8,"1","1","1","1","1","1","1",1,1,2,3,2,2,0,0,0,1,0,0,0,0,0,"3","1","1","1","1","2",0,0,1,0,0,1,1,1,0,1,0,1,0,0,0,0,0,0,"2","2","2","2","2","2","2","2","2","2"
"228",5,3,"2","3","2","1","1","2","2","1","2","1","2","1",2,2,"1","2","2","2","2","2","2","2","2","3",1,26,1,12,1,1,5,5,3,3,4,13,1,9,2,"1","2","1","1","2","2","2",2,2,4,4,4,2,0,0,1,1,1,0,1,1,0,"1","1","1","1","3","2",1,0,0,0,0,1,0,1,0,0,0,1,0,0,1,1,1,0,"1","2","2","1","2","1","2","1","1","2"
"229",5,4,"3","3","3","2","1","1","2","2","2","3","3","3",4,4,"1","2","2","2","2","2","2","2","2","2",2,27,1,5,2,1,6,6,9,4,4,4,3,2,3,"3","2","2","2","2","2","2",2,2,1,1,1,2,1,1,1,0,1,0,0,0,0,"3","3","3","1","3","1",1,0,0,0,1,1,0,1,1,0,1,1,0,0,0,0,0,0,"1","1","1","1","1","2","2","2","2","2"
"230",5,4,"3","3","2","1","2","2","3","1","3","3","3","3",3,4,"1","2","1","2","3","2","1","3","2","1",2,24,1,12,1,1,5,5,9,3,4,14,8,1,6,"1","1","1","2","3","1","3",2,3,3,4,3,1,0,0,0,1,0,0,0,0,0,"1","1","1","1","3","1",1,1,0,0,0,0,0,0,1,0,1,0,0,0,0,1,0,0,"1","1","1","1","2","1","3","3","2","2"
"231",5,4,"3","3","1","3","3","3","1","2","2","3","3","3",4,4,"2","2","2","2","2","2","2","2","2","2",1,43,1,12,1,4,3,3,10,2,3,1,2,9,7,"1","1","1","1","1","1","2",1,3,4,4,4,2,0,0,0,0,1,0,0,0,0,"2","1","1","1","3","1",0,1,0,0,0,1,1,0,0,0,0,1,0,0,1,1,1,0,"2","2","2","2","2","2","2","2","2","2"
"232",5,4,"1","3","3","3","2","3","3","2","3","3","2","2",1,3,"3","3","2","2","3","3","2","3","1","2",1,17,1,12,1,1,3,3,4,3,4,1,1,9,7,"1","1","2","2","1","1","2",2,3,4,2,2,2,0,0,0,0,1,0,1,1,0,"2","1","1","1","1","2",1,1,0,1,0,1,0,0,0,1,0,1,0,0,1,0,0,0,"2","1","1","2","1","3","2","2","1","2"
"233",5,4,"3","3","3","2","2","3","3","2","2","2","3","3",3,5,"2","1","1","2","1","1","1","2","3","1",1,22,1,12,1,1,5,3,6,4,4,1,1,0,8,"1","2","1","1","3","1","3",1,3,3,2,1,3,0,0,0,0,0,1,1,0,0,"2","1","1","1","1","1",0,1,0,1,1,0,1,0,1,1,1,1,0,0,0,0,0,0,"1","1","1","1","3","2","1","1","1","1"
"234",5,4,"3","1","2","1","1","3","3","1","2","1","3","1",3,3,"1","2","1","2","3","1","1","1","2","2",3,23,1,12,1,1,3,3,2,2,3,14,1,1,7,"1","1","1","1","3","2","3",2,3,4,4,4,2,0,1,1,0,0,0,1,1,0,"2","1","1","1","3","1",1,1,0,0,0,1,0,0,0,0,0,1,0,0,1,1,1,0,"1","1","1","1","2","3","2","2","2","2"
"235",5,4,"1","2","3","3","2","3","1","1","2","1","3","3",4,5,"1","1","1","1","3","1","1","1","1","1",2,25,1,12,1,1,5,5,2,2,3,12,1,9,7,"1","2","1","3","2","1","3",4,4,4,4,4,4,1,1,1,0,0,0,0,0,0,"2","3","1","1","1","2",0,0,0,0,0,0,0,0,0,0,0,0,1,1,1,1,1,1,"1","1","1","1","1","1","1","1","1","1"
"236",5,4,"2","3","2","1","3","2","2","2","2","3","3","3",2,3,"3","2","2","2","2","2","2","2","2","2",1,27,1,12,1,1,5,5,3,2,3,1,1,9,7,"1","1","1","1","1","1","1",2,3,3,4,2,3,0,0,0,1,1,0,0,0,0,"2","2","2","1","3","2",1,1,0,0,0,0,0,0,1,0,0,1,0,0,0,1,0,0,"1","1","2","2","2","1","1","1","2","2"
"237",5,4,"3","1","3","3","1","3","3","1","3","1","3","1",1,2,"2","1","2","1","3","1","1","1","1","1",2,52,1,12,1,1,5,5,7,2,3,1,5,1,6,"1","1","1","2","2","2","3",2,3,4,4,2,2,0,0,1,0,0,0,0,0,0,"1","1","1","1","3","1",1,1,0,0,0,1,0,0,0,0,0,1,0,0,1,1,0,0,"2","2","2","1","1","1","1","3","1","1"
"238",5,4,"2","2","3","2","2","2","3","2","2","2","2","2",1,3,"2","2","2","2","2","2","2","2","2","2",2,24,1,12,1,1,5,5,1,1,2,15,2,8,8,"2","2","2","2","2","2","2",4,3,2,4,4,2,0,0,0,0,0,0,0,0,1,"2","2","2","1","2","2",0,1,1,0,0,1,0,0,0,0,0,1,1,0,0,1,1,0,"1","1","1","2","3","2","1","2","2","2"
"239",6,1,"1","1","3","1","2","3","2","1","2","3","2","2",1,4,"2","3","2","2","3","2","2","3","2","1",1,28,1,12,1,2,3,5,1,3,4,1,3,9,2,"2","2","2","2","2","3","3",2,3,3,1,2,3,0,0,1,0,1,0,0,1,0,"2","1","1","1","1","1",1,1,0,0,0,0,0,0,1,0,0,1,0,0,0,0,0,0,"2","1","1","1","2","1","1","3","2","2"
"240",6,1,"2","2","3","1","1","2","1","3","3","3","2","2",5,4,"3","2","2","2","3","3","2","3","3","2",1,26,1,12,1,1,3,7,2,2,3,4,5,9,7,"2","2","2","2","2","2","2",2,3,3,1,1,2,0,0,0,0,0,0,0,0,0,"2","3","3","1","1","3",1,1,0,0,1,1,0,0,1,0,1,1,0,0,0,0,0,0,"1","2","1","1","2","3","1","3","2","2"
"241",6,1,"3","2","3","3","2","3","3","1","2","1","3","3",3,2,"3","3","2","3","2","1","2","3","3","2",2,27,1,12,1,1,5,5,3,1,2,11,1,9,8,"1","1","1","1","3","2","3",4,4,4,4,4,2,0,0,0,1,0,1,0,0,0,"2","1","1","1","3","2",0,0,0,0,0,1,0,0,0,0,0,1,1,1,1,1,1,0,"1","1","1","1","1","3","2","3","3","3"
"242",6,1,"2","2","2","1","2","2","2","2","2","2","2","2",3,3,"1","1","1","3","1","1","1","1","1","1",2,29,1,12,1,1,5,5,5,3,4,14,3,0,6,"1","1","1","1","2","2","2",2,2,3,4,2,3,0,0,0,0,1,1,0,1,0,"2","3","2","2","2","2",1,0,0,0,0,0,0,1,1,0,0,1,0,0,0,1,0,0,"1","1","1","1","1","3","1","3","1","1"
"243",6,1,"1","2","2","3","1","2","2","2","3","3","3","3",3,4,"1","1","2","1","1","1","1","1","3","1",2,31,1,12,1,1,5,6,4,2,3,1,3,0,7,"1","1","1","1","3","3","3",1,4,1,1,4,4,0,0,0,1,1,1,1,0,0,"2","1","1","1","1","3",0,0,0,0,0,0,1,0,1,0,0,0,0,1,0,0,1,1,"1","1","1","2","1","2","1","3","2","1"
"244",6,1,"2","1","3","1","2","2","3","1","1","1","1","1",2,2,"1","2","1","1","3","2","1","1","1","1",1,30,1,12,1,1,6,6,4,4,3,1,4,0,3,"2","2","1","1","1","1","2",2,3,3,2,2,2,0,0,1,1,1,0,0,0,0,"1","1","1","1","1","2",1,1,0,1,0,1,0,0,1,1,0,1,0,0,0,0,0,0,"1","1","1","1","2","2","1","2","1","1"
"245",6,1,"2","2","1","1","1","1","1","2","1","2","2","2",4,4,"1","1","1","1","1","1","1","1","1","1",2,25,1,12,1,2,3,4,6,3,3,14,1,0,7,"1","1","1","1","1","2","2",2,4,4,4,4,3,0,0,0,1,1,1,1,1,0,"2","3","3","1","3","2",1,0,0,0,0,0,0,0,0,0,0,1,0,1,1,1,1,0,"1","1","1","1","1","1","1","2","1","1"
"246",6,1,"2","3","3","2","1","3","2","1","3","3","3","2",3,4,"1","1","2","1","1","1","1","3","1","1",2,22,1,12,1,3,3,5,10,6,4,14,1,9,7,"1","1","1","1","1","1","1",4,4,4,4,3,2,0,0,0,0,0,0,0,0,0,"1","1","3","1","2","1",0,0,0,0,0,1,0,0,0,0,1,1,1,1,1,1,0,0,"1","1","1","2","1","1","1","1","1","1"
"247",6,1,"3","2","2","3","2","2","2","1","2","3","2","2",3,3,"1","2","1","1","1","1","1","1","3","1",1,27,1,12,1,1,5,5,1,1,2,14,1,1,7,"1","1","1","1","1","1","1",4,4,4,2,4,3,0,0,0,1,0,0,1,0,0,"1","2","2","1","1","3",0,0,0,1,0,0,0,0,0,1,0,1,1,1,1,0,1,0,"1","1","1","1","2","1","1","3","1","1"
"248",6,1,"3","3","3","2","3","1","2","2","3","3","3","2",1,3,"1","1","1","1","1","1","1","1","3","1",2,25,1,12,1,1,4,3,3,2,3,14,1,1,6,"1","1","1","1","2","2","3",2,3,4,4,3,2,0,0,0,1,0,1,1,1,0,"2","1","1","1","3","1",1,1,0,0,0,1,0,0,0,0,1,1,0,0,1,1,0,0,"1","1","1","1","1","1","1","1","3","3"
"249",6,1,"2","1","3","1","1","1","2","1","2","1","2","1",2,3,"1","2","1","2","2","1","1","2","2","2",2,35,1,12,1,1,5,5,2,2,3,14,1,8,7,"2","2","1","1","2","1","2",1,2,1,1,2,3,0,0,0,0,0,1,0,0,0,"2","2","2","2","2","2",0,0,0,0,0,0,1,1,1,0,0,1,0,0,0,0,0,0,"1","1","1","1","2","1","1","2","2","2"
"250",6,1,"2","1","3","3","1","2","2","2","2","3","2","2",3,3,"1","2","1","2","2","2","2","3","3","2",2,27,1,12,1,1,6,7,4,2,4,14,1,9,7,"1","1","1","1","1","2","2",4,1,1,4,4,2,0,1,0,0,0,0,0,0,0,"1","1","2","1","1","1",0,0,0,0,0,1,0,1,1,0,0,1,1,0,0,1,1,0,"1","1","2","2","2","1","2","2","2","1"
"251",6,1,"1","1","1","2","1","2","1","2","1","2","2","2",5,3,"2","2","2","2","2","2","2","2","2","2",2,28,1,12,1,1,5,5,4,3,4,2,6,9,7,"2","2","2","2","2","2","2",2,3,2,4,4,2,0,0,0,0,1,0,0,1,0,"3","3","3","1","1","1",1,1,1,0,0,1,0,0,0,0,0,1,0,0,0,1,1,0,"2","2","2","2","2","2","2","2","2","2"
"252",6,2,"3","3","3","1","2","3","3","1","2","1","1","2",3,4,"2","1","1","1","3","1","1","2","3","1",2,23,1,12,1,1,5,4,9,3,4,1,2,9,7,"3","3","1","2","3","2","3",2,2,1,1,4,3,0,1,1,1,1,0,0,1,0,"1","1","1","1","1","1",1,0,0,0,0,0,0,1,1,0,0,1,0,0,0,0,1,0,"1","1","1","1","1","1","1","1","1","1"
"253",6,2,"2","3","3","1","2","3","1","2","2","3","3","3",4,5,"3","1","1","1","2","1","1","1","2","1",2,25,1,12,1,1,4,1,4,3,4,14,1,9,7,"1","1","1","1","2","2","1",4,3,2,4,3,1,0,0,0,1,0,0,0,0,0,"2","3","2","1","2","2",0,1,1,0,0,0,0,0,0,0,1,0,1,0,0,1,0,0,"1","1","1","1","1","1","1","2","1","3"
"254",6,2,"3","3","3","3","2","3","3","1","2","3","3","2",3,5,"2","1","2","3","3","2","2","2","2","2",1,28,1,12,1,1,4,4,3,3,3,14,1,9,7,"1","1","1","2","2","2","3",2,2,1,2,2,3,0,0,0,0,0,0,1,0,0,"1","1","1","1","1","1",1,0,0,1,0,0,0,1,1,1,0,1,0,0,0,0,0,0,"1","1","1","1","1","1","1","1","2","2"
"255",6,2,"3","1","3","1","2","3","2","1","2","2","2","1",5,5,"2","2","2","2","1","1","1","2","1","2",2,31,1,12,1,4,3,4,4,3,3,9,6,1,7,"2","1","1","2","2","1","2",4,4,4,4,4,4,0,1,0,1,0,0,0,1,0,"1","3","3","1","1","3",0,0,0,0,0,0,0,0,0,0,0,0,1,1,1,1,1,1,"2","1","1","1","2","1","2","3","2","2"
"256",6,2,"3","3","3","2","1","1","2","2","2","2","2","2",2,3,"2","2","2","3","3","2","3","2","3","2",1,22,1,12,1,1,3,4,4,3,4,1,8,9,8,"2","3","3","2","3","1","3",1,1,1,4,2,2,0,0,0,0,0,0,0,1,0,"2","1","1","1","1","2",0,0,0,0,0,1,1,1,1,0,0,1,0,0,0,1,0,0,"1","1","1","2","2","1","1","1","1","2"
"257",6,2,"3","3","1","3","3","3","3","1","3","3","3","3",1,1,"1","3","3","2","2","2","2","2","2","2",1,26,1,12,1,4,3,5,9,3,4,1,1,9,4,"2","3","2","2","2","2","3",1,2,1,1,2,2,0,0,0,1,0,0,0,0,0,"1","1","2","1","1","2",0,0,0,0,0,1,1,1,1,0,0,1,0,0,0,0,0,0,"3","3","3","1","2","2","1","1","2","1"
"258",6,2,"2","3","3","3","1","2","2","1","2","3","2","2",3,2,"2","2","2","2","2","2","1","2","3","2",1,22,1,12,1,1,5,5,4,3,3,12,1,0,7,"2","1","1","1","3","2","1",1,3,3,4,1,2,1,0,0,1,0,1,0,0,0,"2","1","2","1","2","2",0,1,0,0,1,1,1,0,1,0,1,1,0,0,0,1,0,0,"1","1","1","1","2","2","2","1","1","2"
"259",6,2,"3","3","3","3","3","3","3","2","3","3","2","2",1,1,"2","2","2","2","2","2","2","2","2","2",1,26,1,12,1,1,5,5,4,3,3,1,1,0,4,"2","1","3","2","3","1","2",2,3,4,4,2,2,0,0,0,0,0,0,0,0,0,"2","1","1","1","3","1",1,1,0,0,0,1,0,0,0,0,0,1,0,0,1,1,0,0,"2","2","2","2","2","2","2","2","2","2"
"260",6,2,"3","3","2","1","2","1","1","1","2","2","2","2",2,2,"2","2","2","2","2","2","2","2","2","2",1,41,1,10,2,1,3,4,2,3,3,1,3,0,7,"1","1","1","1","2","2","2",3,4,4,4,1,4,0,0,0,0,1,0,1,0,0,"2","1","1","1","1","2",0,0,0,0,1,0,1,0,0,0,1,0,0,1,1,1,0,1,"2","2","2","2","1","2","2","2","2","2"
"261",6,2,"3","2","3","3","2","3","3","2","2","3","3","2",2,3,"1","3","1","3","3","1","1","2","3","1",1,23,1,9,2,1,3,5,1,1,4,14,1,8,7,"1","2","1","1","1","3","3",1,3,3,2,2,2,0,0,0,0,1,0,0,1,0,"1","1","1","1","3","1",0,1,0,1,0,1,1,0,1,1,0,1,0,0,0,0,0,0,"2","1","1","1","1","1","1","2","1","2"
"262",6,2,"3","3","2","2","1","1","1","1","1","1","3","3",5,5,"1","1","1","1","1","1","1","1","3","1",1,30,1,12,1,4,5,8,2,2,3,2,4,1,1,"1","1","1","1","2","2","3",1,3,3,2,1,2,0,1,0,0,0,0,0,0,0,"2","3","3","1","3","3",0,1,0,1,1,1,1,0,1,1,1,1,0,0,0,0,0,0,"1","1","1","1","1","1","1","2","1","1"
"263",6,2,"1","3","2","3","1","1","2","1","1","2","3","2",3,3,"2","2","2","2","3","2","2","2","3","2",1,25,1,13,2,1,5,5,2,3,2,13,1,1,7,"1","1","1","1","3","2","3",1,4,4,4,1,2,0,1,0,1,1,0,1,1,0,"2","1","1","1","1","2",0,0,0,0,1,1,1,0,0,0,1,1,0,1,1,1,0,0,"1","1","2","2","2","1","2","3","2","2"
"264",6,2,"1","2","1","1","1","1","1","2","2","2","3","3",3,4,"2","2","1","1","3","1","1","3","2","2",2,23,1,14,2,1,3,6,3,3,3,13,1,9,2,"1","2","1","2","3","2","3",1,1,1,4,4,2,0,0,1,1,1,1,1,1,0,"1","1","1","1","1","1",0,0,0,0,0,1,1,1,1,0,0,1,0,0,0,1,1,0,"1","2","1","2","3","1","1","2","2","2"
"265",6,3,"2","1","3","1","2","1","1","1","2","1","2","1",3,3,"2","2","2","3","3","2","2","3","3","2",1,24,1,12,1,1,3,5,6,3,5,1,3,8,4,"2","1","2","1","3","2","3",1,3,4,2,3,2,0,0,0,0,0,0,0,1,0,"1","2","2","1","1","3",0,1,0,1,0,1,1,0,0,1,1,1,0,0,1,0,0,0,"2","1","1","1","3","2","1","3","2","2"
"266",6,3,"3","3","2","3","1","3","2","3","2","3","3","3",4,4,"3","1","1","3","3","3","1","3","1","1",2,29,1,12,1,1,3,4,3,3,2,13,2,1,7,"1","1","2","1","3","2","3",2,2,3,4,3,3,0,1,0,1,0,1,0,1,0,"3","1","1","1","1","1",1,0,0,0,0,0,0,1,1,0,1,1,0,0,0,1,0,0,"1","1","1","2","1","1","1","1","1","1"
"267",6,3,"2","2","2","3","1","2","3","1","2","2","2","2",2,4,"2","1","1","2","3","3","1","2","3","1",2,31,1,12,1,1,5,5,4,2,4,1,4,1,7,"1","1","1","1","1","2","2",4,3,4,2,2,1,0,1,0,0,1,0,1,1,0,"2","1","3","1","1","2",0,1,0,1,0,0,0,0,0,1,0,0,1,0,1,0,0,0,"1","1","1","1","1","2","2","2","2","2"
"268",6,3,"3","3","2","3","2","1","3","1","2","3","3","3",4,3,"3","2","2","2","2","2","2","2","2","2",2,38,1,10,2,1,5,5,3,2,3,1,4,9,7,"1","1","1","2","2","2","3",3,1,1,3,1,2,0,0,0,1,0,0,0,0,0,"3","1","1","1","1","1",0,0,0,0,1,1,1,1,1,1,1,1,0,0,0,0,0,0,"3","2","2","2","2","2","2","2","2","2"
"269",6,3,"1","1","1","1","1","1","1","1","1","1","2","2",4,2,"3","3","3","3","3","3","3","3","3","3",2,26,1,12,1,1,3,3,3,1,2,12,1,9,2,"1","1","1","1","3","2","3",2,3,4,4,3,2,0,1,0,0,0,0,0,0,0,"1","1","1","1","1","1",1,1,0,0,0,1,0,0,0,0,1,1,0,0,1,1,0,0,"3","3","3","2","3","2","3","3","3","3"
"270",6,3,"2","3","2","3","2","1","1","1","2","3","2","2",1,2,"3","2","1","2","3","2","1","2","2","1",1,22,1,12,1,4,5,5,3,3,4,12,1,0,7,"1","1","1","1","3","3","1",2,3,2,2,1,2,0,0,0,1,0,0,0,0,0,"2","2","1","1","2","2",1,1,1,1,1,1,0,0,0,1,1,1,0,0,0,0,0,0,"1","1","2","1","2","2","1","1","1","2"
"271",6,3,"1","3","3","3","1","2","1","1","2","3","1","2",3,3,"3","3","1","2","3","1","2","2","2","2",1,26,1,12,1,1,5,5,7,3,4,1,2,9,7,"2","2","2","2","2","2","2",2,2,4,4,2,3,0,0,1,0,1,0,1,1,0,"1","1","2","1","1","3",1,0,0,0,0,0,0,1,0,0,0,1,0,0,1,1,0,0,"1","1","1","1","1","1","1","3","2","1"
"272",6,3,"1","1","1","1","1","1","3","1","3","1","1","1",3,3,"3","2","2","2","2","1","2","1","2","3",2,29,1,12,1,1,5,7,10,4,4,4,1,9,6,"2","2","2","2","3","3","2",2,2,1,4,4,2,0,0,0,1,0,0,0,0,0,"3","1","1","1","1","3",1,0,0,0,0,1,0,1,1,0,0,1,0,0,0,1,1,0,"1","2","2","2","3","2","3","3","2","1"
"273",6,4,"1","2","2","2","2","3","2","2","2","2","2","2",2,4,"1","1","1","1","2","1","1","1","1","1",1,25,1,12,1,1,5,4,6,3,3,14,1,9,7,"1","1","2","1","1","1","3",2,3,3,1,1,2,0,0,0,0,1,1,1,0,0,"2","2","2","2","1","2",1,1,0,0,1,1,0,0,1,0,1,1,0,0,0,0,0,0,"1","1","1","1","1","1","1","3","1","1"
"274",6,4,"1","1","1","1","1","1","1","1","1","3","3","2",3,3,"3","2","1","2","3","2","2","3","3","2",2,31,1,12,1,1,5,5,4,4,4,1,4,9,6,"1","1","1","2","2","3","3",2,3,3,2,2,3,0,0,0,1,0,0,0,1,0,"2","1","1","1","1","3",1,1,0,1,0,0,0,0,1,1,0,1,0,0,0,0,0,0,"1","1","2","1","2","2","1","3","2","2"
"275",6,4,"1","2","2","2","1","2","2","1","2","2","2","2",4,3,"2","1","2","2","3","2","2","1","3","2",1,26,1,14,2,1,4,4,2,2,3,11,1,2,7,"1","1","1","1","2","1","2",2,3,3,2,1,2,0,0,1,1,0,0,1,1,0,"1","1","1","1","2","3",1,1,0,1,1,1,0,0,1,1,1,1,0,0,0,0,0,0,"1","1","1","2","1","3","1","3","1","2"
"276",6,4,"2","2","3","2","3","3","3","1","3","1","3","3",3,5,"1","1","1","3","1","3","2","2","1","1",2,26,1,12,1,1,4,4,3,2,3,1,4,0,6,"1","1","2","2","2","2","3",2,3,1,2,2,2,0,0,0,1,0,0,0,0,0,"1","2","2","1","3","1",1,1,0,1,0,1,0,0,1,1,0,1,0,0,0,0,0,0,"2","1","1","1","1","1","1","1","1","1"
"277",6,4,"2","3","2","3","1","1","2","1","2","3","2","1",2,4,"1","2","1","1","3","1","1","1","1","1",2,33,1,12,1,1,5,8,5,3,3,13,1,9,7,"1","1","1","1","2","1","2",2,2,3,4,2,2,0,0,0,1,0,0,0,1,0,"2","1","1","1","1","1",1,0,0,0,0,1,0,1,1,0,0,1,0,0,0,1,0,0,"1","1","1","1","2","1","1","3","1","1"
"278",6,4,"3","3","3","3","2","1","3","3","3","3","2","3",3,4,"3","1","1","1","3","1","1","2","1","1",1,32,1,12,1,1,5,5,3,3,3,11,2,1,7,"1","1","1","1","1","1","3",4,2,3,1,1,3,0,1,0,1,0,0,0,1,1,"3","1","1","1","2","1",0,0,0,0,1,0,0,1,1,0,1,1,1,0,0,0,0,0,"1","1","1","1","1","1","1","1","1","1"
"279",6,4,"1","3","1","1","3","1","1","3","1","1","1","3",5,5,"3","3","3","1","1","3","1","3","3","3",2,30,1,12,1,1,4,4,2,2,2,12,1,9,7,"1","1","1","1","1","2","2",4,4,2,2,4,3,0,0,0,0,0,0,0,0,0,"3","3","3","3","3","3",0,0,1,1,0,0,0,0,0,1,0,1,1,1,0,0,1,0,"3","1","1","3","2","3","3","1","1","1"
"280",6,4,"2","1","1","3","1","3","3","1","1","3","2","3",3,4,"1","1","1","1","2","1","1","1","1","1",1,22,1,12,1,1,5,4,9,3,4,14,1,0,2,"1","1","1","1","3","2","3",2,2,3,2,2,2,0,0,0,1,0,0,0,0,0,"2","1","1","1","3","2",1,0,0,1,0,1,0,1,1,1,0,1,0,0,0,0,0,0,"1","1","1","1","1","1","1","2","1","1"
"281",6,4,"2","2","3","1","1","2","3","2","3","2","3","1",3,3,"2","3","1","3","3","3","2","2","3","3",2,21,1,12,1,1,5,5,4,3,4,14,1,9,7,"1","1","1","1","2","1","3",2,1,3,2,2,2,0,1,1,1,0,1,1,1,0,"2","1","1","1","1","2",1,0,0,1,0,1,0,1,1,1,0,1,0,0,0,0,0,0,"1","1","1","1","3","1","1","2","2","2"
"282",6,4,"2","2","2","3","2","2","2","2","2","1","2","2",3,4,"2","2","2","2","3","1","2","2","3","2",1,34,1,12,1,1,4,4,3,2,3,1,1,9,3,"2","2","1","2","3","2","3",2,2,4,4,4,2,1,0,1,0,1,0,0,1,0,"2","1","2","2","2","2",1,0,0,0,0,1,0,1,0,0,0,1,0,0,1,1,1,0,"1","1","1","1","2","1","1","2","1","2"
"283",6,4,"1","2","1","1","1","1","2","1","1","1","2","2",2,3,"2","2","2","2","2","2","2","2","2","2",1,29,1,12,1,1,5,5,4,2,3,14,1,1,8,"3","2","2","1","3","2","3",2,3,1,2,1,2,0,0,0,0,1,0,0,0,0,"2","3","1","2","1","2",1,1,0,1,1,1,0,0,1,1,1,1,0,0,0,0,0,0,"2","2","2","2","2","2","2","2","2","2"
"284",6,4,"3","2","3","1","1","2","3","2","3","2","3","3",2,2,"2","2","2","3","2","1","2","2","3","2",1,23,1,12,1,1,5,5,8,3,4,1,3,8,7,"3","2","2","2","3","2","1",2,4,4,1,4,2,0,0,0,0,0,0,0,1,0,"2","1","1","1","2","2",1,0,0,0,0,1,0,0,0,0,0,1,0,1,1,0,1,0,"1","2","2","1","3","1","1","2","2","2"
"285",6,4,"2","2","3","1","1","1","1","2","2","1","2","2",1,3,"2","2","2","2","2","2","2","2","2","2",1,46,1,5,2,1,3,5,3,3,3,2,5,9,7,"2","2","2","2","2","2","2",4,3,3,2,2,2,0,0,0,0,0,0,0,0,0,"2","3","3","1","3","2",0,1,0,1,0,1,0,0,1,1,0,1,1,0,0,0,0,0,"2","2","2","2","2","2","2","2","2","2"
"286",6,4,"3","2","2","1","1","1","2","1","2","1","1","1",3,3,"3","2","2","2","3","3","2","3","3","2",2,33,1,13,2,1,5,7,6,2,4,12,8,2,7,"1","1","2","2","3","2","1",3,2,1,2,4,3,0,1,1,1,0,0,0,1,0,"1","1","1","1","1","3",0,0,0,1,0,0,1,1,1,1,0,1,0,0,0,0,1,0,"2","2","2","2","2","2","1","3","2","2"
"287",6,4,"3","2","2","2","2","1","1","1","1","3","2","2",4,3,"3","3","2","3","2","3","3","3","2","3",2,26,1,14,2,1,3,5,2,3,4,14,1,9,7,"1","1","2","2","2","1","2",2,3,3,1,3,3,1,1,0,0,0,0,0,0,0,"1","1","1","1","1","1",1,1,0,0,0,0,0,0,1,0,1,1,0,0,0,0,0,0,"1","1","3","1","3","2","3","2","3","3"
"288",6,4,"3","2","3","3","1","1","2","1","3","3","3","2",4,5,"2","2","1","2","3","2","2","3","2","2",2,29,1,12,1,1,5,5,7,4,4,14,1,9,6,"1","1","1","1","3","2","3",2,3,3,2,1,3,1,1,0,1,0,0,0,1,1,"1","1","1","1","1","2",1,1,0,1,1,0,0,0,1,1,1,1,0,0,0,0,0,0,"1","1","2","1","2","1","2","2","2","2"
"289",6,4,"2","2","2","3","1","1","1","1","2","2","2","3",3,3,"3","2","1","2","2","2","2","3","2","2",2,26,1,12,1,1,5,5,5,2,4,14,1,9,2,"1","1","1","2","3","2","3",2,1,2,4,4,2,0,0,1,0,1,1,1,0,0,"2","1","1","1","1","1",1,0,1,0,0,1,0,1,0,0,0,1,0,0,0,1,1,0,"1","1","1","1","1","2","2","2","2","1"
"290",6,4,"2","3","3","3","2","2","2","2","2","3","2","2",2,3,"1","2","1","1","3","1","1","1","3","1",1,30,1,12,1,4,5,5,5,3,4,1,2,9,7,"2","2","3","2","3","3","3",2,3,3,4,4,2,0,0,1,0,1,0,0,0,0,"2","1","1","1","1","1",1,1,0,0,0,1,0,0,1,0,0,1,0,0,0,1,1,0,"1","1","1","1","1","1","1","3","2","1"
"291",6,4,"1","1","3","2","1","1","1","2","1","3","2","2",3,4,"3","3","2","3","1","1","1","3","2","2",2,27,1,12,1,2,5,5,8,4,4,4,5,9,6,"2","2","2","2","3","2","2",2,3,3,1,2,2,0,1,1,0,0,0,0,0,1,"3","3","3","1","1","1",1,1,0,0,0,1,0,0,1,0,0,1,0,0,0,0,0,0,"1","2","3","1","2","3","2","3","3","3"
"292",7,1,"3","3","3","3","3","3","3","1","2","1","2","2",3,3,"1","2","2","2","2","2","2","2","2","2",1,49,1,12,1,1,5,5,6,2,3,1,2,9,2,"1","1","1","1","3","3","2",4,4,1,4,2,4,0,0,0,0,1,0,0,0,0,"2","1","1","1","1","1",0,0,0,0,0,0,0,0,1,0,0,0,1,1,0,1,0,1,"2","2","1","2","1","1","1","2","2","2"
"293",7,1,"3","3","3","3","2","2","2","1","2","1","3","3",3,4,"1","2","2","2","2","2","2","2","2","2",1,34,1,12,1,1,5,5,4,2,4,11,3,1,7,"2","3","2","2","2","2","2",4,3,2,2,2,3,0,0,1,1,1,1,1,1,0,"1","1","1","1","2","2",0,1,1,1,0,0,0,0,0,1,0,1,1,0,0,0,0,0,"1","3","1","1","1","1","2","2","2","2"
"294",7,1,"3","1","3","3","1","1","1","1","3","3","2","2",3,3,"3","2","1","2","2","2","1","2","2","2",1,54,1,12,1,1,3,3,3,2,2,1,4,0,3,"2","2","2","2","2","2","2",4,3,2,4,4,3,0,0,0,0,1,0,0,0,0,"2","2","1","1","1","2",0,1,1,0,0,0,0,0,0,0,0,1,1,0,0,1,1,0,"1","1","1","1","1","1","1","3","1","1"
"295",7,1,"2","3","2","2","1","3","2","1","3","1","1","3",3,3,"1","2","3","3","2","2","2","3","1","1",1,33,1,12,2,2,7,7,9,5,4,10,5,0,4,"1","1","1","1","1","1","1",2,2,3,4,4,2,1,0,0,1,0,1,0,0,0,"1","1","2","3","1","2",1,0,0,0,0,1,0,1,1,0,0,1,0,0,0,1,1,0,"3","1","1","2","2","3","1","2","3","1"
"296",7,1,"3","1","2","3","2","1","3","1","2","3","3","3",5,4,"3","1","1","1","3","3","1","1","3","3",2,31,1,10,2,4,6,7,5,3,4,12,1,0,6,"1","1","1","1","3","3","1",2,3,2,4,1,1,0,0,0,0,0,1,1,1,0,"2","1","1","1","1","3",1,1,1,0,1,0,0,0,0,0,1,0,0,0,0,1,0,0,"1","1","1","2","1","1","1","2","1","1"
"297",7,1,"1","2","1","1","1","2","2","1","3","1","3","2",2,3,"2","1","1","1","1","1","1","2","3","1",1,20,1,12,1,1,3,4,4,3,4,12,1,9,2,"1","1","1","1","3","2","3",2,2,1,1,1,3,0,0,0,1,1,0,0,0,0,"1","1","1","1","1","1",1,0,0,0,1,0,0,1,1,0,1,1,0,0,0,0,0,0,"1","1","1","2","1","2","1","3","1","2"
"298",7,1,"2","3","3","1","3","2","2","2","3","3","2","3",2,3,"2","2","2","2","3","2","2","2","3","1",2,21,1,12,1,1,3,8,6,4,4,1,3,1,7,"2","1","1","2","3","2","2",1,3,1,2,2,3,0,0,0,1,1,1,1,1,0,"1","2","1","1","1","2",0,1,0,1,0,0,1,0,1,1,0,1,0,0,0,0,0,0,"2","2","2","1","2","1","1","1","1","2"
"299",7,1,"3","3","3","3","2","3","3","1","3","2","3","3",4,4,"1","1","1","1","1","1","1","3","3","1",2,22,1,12,1,1,4,4,2,2,4,12,1,8,6,"1","1","1","1","1","1","2",2,3,1,2,2,2,0,0,0,1,0,0,1,1,0,"1","1","1","1","1","3",1,1,0,1,0,1,0,0,1,1,0,1,0,0,0,0,0,0,"1","1","1","1","1","1","1","1","1","1"
"300",7,1,"2","1","3","3","2","2","1","1","2","3","2","3",2,3,"1","1","1","2","2","3","2","3","3","1",1,19,1,12,1,2,8,8,8,3,3,14,1,0,7,"1","1","1","1","3","2","3",2,3,1,4,2,3,0,0,1,0,0,0,0,0,0,"3","1","1","1","2","1",1,1,0,0,0,0,0,0,1,0,0,1,0,0,0,1,0,0,"2","2","1","2","1","2","2","3","2","2"
"301",7,1,"3","1","2","1","1","3","1","1","1","3","1","3",3,3,"1","1","1","1","1","3","1","3","1","1",2,50,1,12,1,1,5,5,2,6,5,12,6,0,8,"1","1","1","1","1","1","1",2,3,4,4,4,4,1,1,0,0,0,0,0,0,0,"1","1","1","1","1","1",1,1,0,0,0,0,0,0,0,0,0,0,0,0,1,1,1,1,"1","1","1","1","1","1","1","3","1","1"
"302",7,1,"1","1","2","3","1","1","1","1","2","3","2","2",3,3,"1","1","2","2","2","2","1","2","2","2",1,35,1,12,1,1,6,7,7,3,4,14,1,0,3,"1","2","2","2","3","3","3",1,2,2,1,1,2,0,1,0,1,0,0,0,1,0,"3","1","3","1","1","1",0,0,1,0,1,1,1,1,0,0,1,1,0,0,0,0,0,0,"1","1","1","1","1","2","2","2","2","2"
"303",7,2,"2","3","1","1","1","3","3","1","2","1","3","1",2,3,"2","1","1","1","2","2","1","3","3","2",1,20,1,9,2,1,3,4,3,3,3,14,1,1,7,"1","1","1","1","1","1","1",3,1,1,2,1,2,0,1,0,0,1,0,0,0,0,"1","1","1","1","3","1",0,0,0,1,1,1,1,1,1,1,1,1,0,0,0,0,0,0,"1","1","1","1","1","1","1","1","2","3"
"304",7,2,"3","2","2","1","3","1","1","1","1","1","1","3",2,2,"2","1","1","2","3","1","1","1","1","1",1,28,1,12,1,1,6,6,3,3,2,15,2,0,7,"2","2","2","1","2","3","3",2,3,4,2,4,2,0,0,1,0,1,1,1,1,0,"3","1","1","1","1","1",1,1,0,1,0,1,0,0,0,1,0,1,0,0,1,0,1,0,"1","1","1","1","1","1","1","3","1","1"
"305",7,2,"2","3","3","3","1","2","2","1","2","1","2","2",1,5,"1","1","1","1","2","1","1","1","1","1",1,22,1,12,1,2,3,5,1,1,3,14,3,1,7,"1","1","1","2","2","3","3",2,4,4,4,3,2,0,0,0,1,1,1,1,1,0,"2","3","1","1","2","1",1,0,0,0,0,1,0,0,0,0,1,1,0,1,1,1,0,0,"1","1","1","1","1","1","1","3","1","1"
"306",7,2,"3","3","3","3","1","3","3","1","2","3","2","2",1,3,"2","2","2","2","2","2","2","2","2","2",1,20,1,12,1,1,3,5,4,3,3,1,8,9,7,"2","2","2","3","3","3","3",1,3,3,2,2,1,0,0,0,0,0,0,0,0,0,"2","1","1","1","1","1",0,1,0,1,0,0,1,0,1,1,0,0,0,0,0,0,0,0,"2","2","2","2","2","2","2","2","2","2"
"307",7,2,"1","2","3","2","1","3","3","1","2","3","3","2",3,5,"2","3","2","3","3","3","3","3","3","3",1,17,1,12,1,1,3,4,3,3,3,1,3,9,7,"1","1","2","1","3","2","3",2,3,3,4,2,2,1,0,0,0,0,0,0,0,0,"3","1","1","1","1","1",1,1,0,0,0,1,0,0,1,0,0,1,0,0,0,1,0,0,"1","3","2","1","3","1","3","3","3","3"
"308",7,2,"2","2","3","3","1","1","1","1","3","3","2","1",5,3,"3","3","3","3","3","3","3","3","3","3",2,51,1,14,2,1,8,5,9,4,4,1,4,0,3,"1","2","2","1","3","2","1",4,2,3,2,3,3,1,1,0,0,0,0,0,0,0,"3","1","1","1","1","1",0,0,0,1,0,0,0,1,1,1,1,1,1,0,0,0,0,0,"3","3","3","3","3","1","3","3","3","3"
"309",7,2,"2","3","3","3","1","3","3","2","2","3","2","2",2,2,"3","2","1","1","2","1","1","1","2","1",1,18,1,12,1,1,3,4,5,3,3,14,1,9,7,"1","1","1","1","2","2","3",2,3,1,4,2,2,0,0,0,0,0,0,0,0,0,"1","1","1","1","3","2",1,1,0,0,0,1,0,0,1,0,0,1,0,0,0,1,0,0,"1","1","1","1","2","1","1","2","1","2"
"310",7,2,"3","3","3","3","1","1","1","3","1","2","2","2",3,5,"1","2","1","1","2","1","1","2","3","1",1,59,1,12,1,1,5,6,5,3,4,1,1,9,7,"2","2","2","2","2","2","2",2,3,2,4,1,2,0,0,0,1,0,0,0,0,0,"1","2","1","1","1","1",1,1,1,0,1,1,0,0,0,0,1,1,0,0,0,1,0,0,"1","1","1","1","2","3","1","3","1","1"
"311",7,3,"3","2","3","3","1","3","1","1","1","1","2","2",3,5,"2","1","2","1","2","2","1","3","2","1",1,17,1,12,1,1,5,6,4,3,2,1,4,0,7,"2","2","1","2","3","2","2",4,1,3,1,4,2,1,1,0,0,1,1,0,1,0,"2","1","1","1","1","3",0,0,0,0,0,1,0,1,1,0,0,1,1,0,0,0,1,0,"1","1","2","1","1","2","1","2","2","3"
"312",7,3,"2","2","3","2","2","1","2","2","2","3","2","2",2,2,"2","1","2","2","2","2","2","2","2","2",1,31,1,12,1,1,4,4,2,3,3,1,4,1,7,"1","1","1","1","1","1","2",2,3,1,4,4,2,0,0,0,0,1,0,0,0,0,"2","2","2","2","2","2",1,1,0,0,0,1,0,0,1,0,0,1,0,0,0,1,1,0,"2","2","2","2","2","2","2","2","2","2"
"313",7,3,"1","1","2","3","1","1","1","1","2","1","2","2",3,5,"2","3","2","2","3","3","2","3","3","1",1,33,1,9,2,4,5,1,5,3,4,12,1,0,2,"1","1","1","1","2","3","2",4,3,1,2,3,1,0,0,1,1,1,0,0,1,0,"1","1","1","1","1","1",0,1,0,1,0,0,0,0,1,1,1,0,1,0,0,0,0,0,"1","1","1","2","3","1","3","3","1","3"
"314",7,3,"3","3","3","3","1","2","2","1","1","3","3","2",1,1,"2","2","2","2","2","2","2","2","3","1",1,51,1,12,1,1,5,5,3,3,3,1,4,0,7,"1","1","1","1","3","1","1",2,3,3,4,4,2,0,0,0,0,0,0,0,0,0,"2","2","1","1","1","1",1,1,0,0,0,1,0,0,1,0,0,1,0,0,0,1,1,0,"2","2","2","2","2","2","2","2","2","2"
"315",7,3,"3","3","2","3","2","2","3","3","2","3","3","3",2,2,"3","1","1","2","2","1","1","3","3","3",1,33,1,12,1,4,3,4,3,3,3,1,8,2,8,"1","1","2","1","2","2","2",1,3,1,2,2,2,0,1,0,1,0,0,0,1,0,"2","1","2","1","1","1",0,1,0,1,0,1,1,0,1,1,0,1,0,0,0,0,0,0,"1","1","1","1","1","1","1","2","1","1"
"316",7,3,"1","3","1","3","3","1","1","1","2","3","3","1",5,5,"1","1","1","1","1","1","1","1","1","1",2,31,1,12,1,1,5,5,6,3,3,13,3,1,2,"1","2","2","3","3","2","2",2,2,2,2,2,3,1,1,0,0,0,0,0,0,0,"1","1","1","1","1","1",1,0,1,1,0,0,0,1,0,1,0,1,0,0,0,0,0,0,"1","1","1","1","1","3","1","1","1","1"
"317",7,3,"1","1","3","2","2","3","2","1","1","1","3","2",4,3,"1","1","1","1","1","1","1","1","1","1",1,27,1,12,1,2,5,8,2,3,4,14,1,9,1,"1","1","1","1","2","3","2",2,2,1,4,3,3,1,0,0,0,1,1,0,0,1,"2","1","1","2","3","2",1,0,0,0,0,0,0,1,1,0,1,1,0,0,0,1,0,0,"1","1","1","1","1","1","1","3","1","1"
"318",7,3,"3","1","3","3","1","3","3","1","2","3","2","2",3,3,"3","3","3","3","3","3","3","3","3","3",1,35,1,12,1,1,4,4,1,1,4,1,4,9,7,"1","1","1","2","2","1","2",2,1,1,1,2,2,0,0,0,0,1,0,0,1,0,"2","2","1","1","1","1",1,0,0,0,0,1,0,1,1,0,0,1,0,0,0,0,0,0,"1","1","2","2","3","1","3","3","1","3"
"319",7,3,"3","3","3","3","3","3","3","1","3","1","2","3",2,1,"2","2","2","2","3","1","2","2","3","2",1,23,1,12,1,1,5,4,3,2,4,1,5,1,2,"1","1","1","1","2","2","3",4,1,4,4,4,3,0,0,1,1,1,0,1,0,0,"2","1","2","1","1","2",0,0,0,0,0,0,0,1,0,0,0,1,1,0,1,1,1,0,"1","1","2","1","2","2","1","2","1","2"
"320",7,3,"3","3","2","3","2","3","3","1","2","2","3","2",3,3,"3","3","3","3","3","3","3","2","3","3",1,19,1,14,2,1,3,5,6,4,4,12,5,9,2,"2","2","1","1","3","1","3",1,3,1,4,2,2,1,1,0,0,0,0,0,1,0,"1","1","1","1","1","1",0,1,0,0,0,1,1,0,1,0,0,1,0,0,0,1,0,0,"3","2","3","3","3","2","2","3","3","2"
"321",7,3,"3","2","3","3","2","3","3","3","3","1","3","3",5,4,"3","2","3","3","3","3","2","3","3","2",2,50,1,13,1,2,3,5,10,6,5,1,8,9,8,"1","1","1","2","2","3","2",4,3,3,4,2,2,1,1,0,0,0,0,0,0,0,"1","1","3","1","1","1",0,1,0,0,0,1,0,0,1,0,0,1,1,0,0,1,0,0,"1","2","1","2","2","3","1","3","3","3"
"322",7,3,"2","2","3","3","3","3","2","3","2","3","3","3",2,2,"2","2","2","1","2","2","2","2","2","1",1,18,1,12,1,1,3,3,10,6,3,1,4,9,3,"1","1","1","2","3","2","3",2,3,3,2,4,2,0,0,0,0,1,0,0,1,0,"1","1","1","1","3","1",1,1,0,1,0,1,0,0,1,1,0,1,0,0,0,0,1,0,"2","2","3","1","2","2","1","1","1","2"
"323",7,3,"3","3","3","3","2","3","3","1","3","1","3","3",1,3,"1","1","1","1","3","1","1","1","3","1",1,22,1,12,1,1,4,3,10,6,4,1,1,9,8,"3","1","2","2","3","3","3",2,3,1,2,2,2,0,0,0,0,0,0,0,0,0,"2","1","1","1","2","3",1,1,0,1,0,1,0,0,1,1,0,1,0,0,0,0,0,0,"1","1","1","1","1","1","1","3","3","3"
"324",7,4,"2","1","1","1","3","2","1","2","1","1","2","2",2,4,"2","2","2","2","2","2","2","2","2","2",1,30,1,12,1,1,3,3,2,3,3,1,1,1,7,"1","1","1","1","2","2","3",2,3,3,2,2,2,0,0,0,0,0,0,1,0,0,"2","3","3","3","3","3",1,1,0,1,0,1,0,0,1,1,0,1,0,0,0,0,0,0,"2","2","2","2","2","2","1","2","2","2"
"325",7,4,"3","3","2","2","3","2","1","1","2","3","2","2",3,3,"2","2","2","2","3","2","2","2","2","2",1,40,1,12,1,1,4,5,1,2,3,1,1,9,7,"2","2","2","2","2","2","2",2,2,2,4,2,3,0,0,0,1,0,0,0,0,0,"2","2","3","1","3","2",1,0,1,0,0,0,0,1,0,0,0,1,0,0,0,1,0,0,"2","1","2","3","2","1","2","3","3","3"
"326",7,4,"3","3","3","3","3","3","3","1","3","1","2","1",3,3,"2","2","1","2","3","1","2","1","2","1",1,25,1,12,1,1,4,8,8,3,3,1,5,9,7,"2","2","1","2","3","3","3",1,4,3,4,2,2,1,1,1,0,1,0,0,1,1,"1","3","1","1","1","1",0,0,0,0,0,1,1,0,1,0,0,1,0,1,0,1,0,0,"1","3","3","1","2","1","2","3","2","2"
"327",7,4,"2","3","3","2","2","3","3","1","3","2","2","3",2,3,"2","2","2","2","2","2","2","2","2","2",1,33,1,13,2,1,7,8,9,5,4,1,3,9,2,"1","1","1","1","2","2","2",1,2,2,1,2,2,0,0,0,0,1,0,0,0,0,"2","2","2","1","1","1",0,0,1,0,0,1,1,1,0,0,0,1,0,0,0,0,0,0,"2","1","2","2","2","1","1","2","2","2"
"328",7,4,"3","3","3","3","2","3","3","1","3","3","3","3",2,2,"2","2","2","2","2","1","2","2","3","2",2,50,1,12,1,4,3,3,4,2,4,2,1,9,7,"1","1","1","1","3","2","2",2,3,4,4,4,2,0,0,0,0,1,0,0,0,0,"1","1","1","1","2","2",1,1,0,0,0,1,0,0,0,0,0,1,0,0,1,1,1,0,"2","2","2","1","2","1","1","2","2","2"
"329",7,4,"1","1","2","1","2","1","2","1","1","1","1","1",4,2,"3","3","3","3","3","3","3","3","3","3",1,26,1,13,2,1,3,5,3,3,3,1,3,9,7,"2","1","1","2","3","2","2",1,2,1,2,1,2,1,1,0,0,0,0,0,0,0,"2","2","1","2","1","1",0,0,0,1,1,1,1,1,1,1,1,1,0,0,0,0,0,0,"3","3","3","3","3","2","3","3","3","3"
"330",7,4,"3","3","3","1","2","3","3","1","3","3","3","3",3,4,"3","2","3","3","3","3","2","1","2","2",1,21,1,12,1,1,5,5,1,3,3,12,1,1,3,"1","1","1","1","1","2","3",2,3,3,2,2,3,0,0,0,1,0,1,1,1,0,"1","2","1","1","1","2",1,1,0,1,0,0,0,0,1,1,0,1,0,0,0,0,0,0,"3","3","3","2","2","1","1","3","1","2"
"331",7,4,"2","3","2","3","2","2","2","2","2","2","2","2",3,3,"2","2","1","3","2","2","1","1","2","1",2,25,1,12,1,1,5,4,2,2,2,14,1,8,7,"2","1","1","1","3","1","2",2,3,2,2,4,2,0,1,0,1,0,0,0,0,0,"1","1","1","1","2","1",1,1,1,1,0,1,0,0,0,1,0,1,0,0,0,0,1,0,"1","1","1","2","2","1","1","2","2","2"
"332",7,4,"3","2","3","3","3","3","2","1","2","3","3","3",4,4,"1","1","1","1","3","2","1","2","3","2",1,59,1,12,1,5,3,8,1,1,2,1,2,0,2,"1","1","2","1","3","2","3",4,4,3,3,4,3,1,0,0,0,0,0,0,0,0,"3","2","2","1","1","1",0,0,0,0,0,0,0,0,1,1,0,1,1,1,0,0,1,0,"1","1","1","1","1","1","2","3","1","2"
"333",7,4,"3","2","2","2","2","1","3","1","2","1","3","2",3,4,"2","2","1","2","3","2","1","3","3","2",1,20,1,13,2,2,3,7,6,3,4,14,1,9,8,"1","1","1","1","3","2","3",2,3,2,4,2,3,0,1,0,1,0,1,0,0,0,"2","1","1","1","3","2",1,1,1,0,0,0,0,0,0,0,0,1,0,0,0,1,0,0,"1","2","2","1","2","2","3","3","2","3"
"334",7,4,"3","3","3","1","2","3","3","1","3","2","3","3",3,5,"1","2","1","1","2","1","1","3","3","1",1,30,1,12,1,1,4,5,8,3,4,12,1,1,1,"1","1","1","1","2","3","2",2,3,2,4,1,3,0,0,0,1,0,0,0,0,0,"1","2","1","1","3","3",1,1,1,0,1,0,0,0,0,0,1,1,0,0,0,1,0,0,"1","1","1","1","1","2","1","3","1","1"
"335",7,4,"3","2","3","1","1","2","3","1","3","1","2","2",1,1,"2","2","2","1","2","2","2","2","2","1",1,21,1,12,1,1,3,5,10,6,4,1,4,0,6,"1","1","1","2","3","1","2",2,4,3,2,1,2,0,0,0,0,0,0,0,0,0,"2","3","1","1","1","2",1,0,0,1,1,1,0,0,1,1,1,1,0,1,0,0,0,0,"2","2","2","1","2","2","1","2","2","2"
"336",7,4,"2","2","2","3","1","2","2","1","3","3","2","2",5,5,"3","1","1","1","3","1","1","1","3","1",2,51,1,12,1,1,3,3,6,2,3,2,4,1,4,"3","2","3","2","2","3","2",2,2,3,2,1,3,0,1,1,0,1,0,0,0,0,"3","1","3","1","1","1",1,0,0,1,1,0,0,1,1,1,1,1,0,0,0,0,0,0,"1","1","1","1","1","1","1","1","1","1"
"337",7,4,"1","1","2","1","1","1","1","1","2","3","3","2",2,3,"3","3","2","3","3","1","2","3","2","2",1,21,1,12,1,1,3,5,4,3,4,13,3,9,6,"2","1","2","2","3","3","3",2,3,2,2,1,3,0,0,0,0,1,0,0,0,0,"2","1","1","1","1","1",1,1,1,1,1,0,0,0,0,1,1,1,0,0,0,0,0,0,"2","1","1","3","1","2","2","2","3","3"
"338",7,4,"2","2","2","3","3","3","1","1","3","3","3","2",4,5,"1","1","1","1","3","1","1","1","1","1",2,46,1,12,1,1,5,8,5,4,4,1,5,9,3,"1","2","1","2","3","2","1",2,2,3,4,2,2,0,0,0,0,1,0,0,0,0,"2","1","1","1","1","1",1,0,0,0,0,1,0,1,1,0,0,1,0,0,0,1,0,0,"1","1","1","1","1","1","1","3","1","1"
"339",7,4,"1","1","1","1","1","1","1","1","1","3","2","2",3,1,"3","3","2","3","3","3","3","3","3","3",2,18,1,4,2,1,3,5,5,3,4,13,1,9,3,"2","2","2","2","3","3","3",2,3,3,2,2,2,0,0,0,0,1,1,1,1,0,"1","3","1","1","1","1",1,1,0,1,0,1,0,0,1,1,0,1,0,0,0,0,0,0,"1","3","3","1","3","1","3","3","3","3"
"340",7,4,"2","1","2","3","3","3","3","1","2","1","2","2",2,1,"2","1","2","3","2","2","2","2","2","2",1,21,1,12,1,1,5,7,3,3,4,1,2,0,5,"3","3","1","3","3","1","2",2,3,4,2,4,3,0,0,0,0,0,0,1,0,0,"2","3","1","1","1","1",1,1,0,1,0,0,0,0,0,1,0,1,0,0,1,0,1,0,"2","2","2","2","2","2","2","2","2","2"
"341",7,4,"1","2","2","1","1","3","3","1","3","3","2","2",3,3,"3","2","1","3","3","1","1","3","3","2",2,24,1,12,1,1,5,6,4,3,4,14,3,9,7,"1","2","2","2","3","2","3",2,3,3,1,2,2,0,0,0,1,1,0,1,1,0,"1","1","1","1","1","2",1,1,0,0,0,1,0,0,1,0,0,1,0,0,0,0,0,0,"1","2","1","2","2","2","2","3","1","3"
